mm_lluvia|3d_num_sin|4d_num_sin|5d_num_sin|6d_num_sin|7d_num_sin|8d_num_sin|9d_num_sin|10d_num_sin|11d_num_sin|12d_num_sin|13d_num_sin|14d_num_sin|15d_num_sin|2_dias|3_dias|4_dias|5_dias|6_dias|7_dias|8_dias|9_dias|10_dias|11_dias|12_dias|13_dias|14_dias|15_dias
0.1|1|2|3|3|3|3|3|4|4|4|4|4|4|1.50|1.50|1.50|1.50|1.60|3.40|5.20|21.60|21.60|21.70|23.80|25.20|26.20|28.90
3|0|1|2|3|3|3|3|3|4|4|4|4|4|3.10|4.50|4.50|4.50|4.50|4.60|6.40|8.20|24.60|24.60|24.70|26.80|28.20|29.20
13.5|0|0|1|2|3|3|3|3|3|4|4|4|4|16.50|16.60|18.00|18.00|18.00|18.00|18.10|19.90|21.70|38.10|38.10|38.20|40.30|41.70
4.7|0|0|0|1|2|3|3|3|3|3|4|4|4|18.20|21.20|21.30|22.70|22.70|22.70|22.70|22.80|24.60|26.40|42.80|42.80|42.90|45.00
0.4|0|0|0|0|1|2|3|3|3|3|3|4|4|5.10|18.60|21.60|21.70|23.10|23.10|23.10|23.10|23.20|25.00|26.80|43.20|43.20|43.30
7.6|0|0|0|0|0|1|2|3|3|3|3|3|4|8.00|12.70|26.20|29.20|29.30|30.70|30.70|30.70|30.70|30.80|32.60|34.40|50.80|50.80
0.1|0|0|0|0|0|0|1|2|3|3|3|3|3|7.70|8.10|12.80|26.30|29.30|29.40|30.80|30.80|30.80|30.80|30.90|32.70|34.50|50.90
11.2|0|0|0|0|0|0|0|1|2|3|3|3|3|11.30|18.90|19.30|24.00|37.50|40.50|40.60|42.00|42.00|42.00|42.00|42.10|43.90|45.70
0.1|0|0|0|0|0|0|0|0|1|2|3|3|3|11.30|11.40|19.00|19.40|24.10|37.60|40.60|40.70|42.10|42.10|42.10|42.10|42.20|44.00
0|1|1|1|1|1|1|1|1|1|2|3|4|4|0.10|11.30|11.40|19.00|19.40|24.10|37.60|40.60|40.70|42.10|42.10|42.10|42.10|42.20
1.6|1|1|1|1|1|1|1|1|1|1|2|3|4|1.60|1.70|12.90|13.00|20.60|21.00|25.70|39.20|42.20|42.30|43.70|43.70|43.70|43.70
0|2|2|2|2|2|2|2|2|2|2|2|3|4|1.60|1.60|1.70|12.90|13.00|20.60|21.00|25.70|39.20|42.20|42.30|43.70|43.70|43.70
0|2|3|3|3|3|3|3|3|3|3|3|3|4|0.00|1.60|1.60|1.70|12.90|13.00|20.60|21.00|25.70|39.20|42.20|42.30|43.70|43.70
1.1|2|2|3|3|3|3|3|3|3|3|3|3|3|1.10|1.10|2.70|2.70|2.80|14.00|14.10|21.70|22.10|26.80|40.30|43.30|43.40|44.80
0|2|3|3|4|4|4|4|4|4|4|4|4|4|1.10|1.10|1.10|2.70|2.70|2.80|14.00|14.10|21.70|22.10|26.80|40.30|43.30|43.40
0|2|3|4|4|5|5|5|5|5|5|5|5|5|0.00|1.10|1.10|1.10|2.70|2.70|2.80|14.00|14.10|21.70|22.10|26.80|40.30|43.30
0|3|3|4|5|5|6|6|6|6|6|6|6|6|0.00|0.00|1.10|1.10|1.10|2.70|2.70|2.80|14.00|14.10|21.70|22.10|26.80|40.30
0|3|4|4|5|6|6|7|7|7|7|7|7|7|0.00|0.00|0.00|1.10|1.10|1.10|2.70|2.70|2.80|14.00|14.10|21.70|22.10|26.80
0|3|4|5|5|6|7|7|8|8|8|8|8|8|0.00|0.00|0.00|0.00|1.10|1.10|1.10|2.70|2.70|2.80|14.00|14.10|21.70|22.10
10.3|2|3|4|5|5|6|7|7|8|8|8|8|8|10.30|10.30|10.30|10.30|10.30|11.40|11.40|11.40|13.00|13.00|13.10|24.30|24.40|32.00
24.2|1|2|3|4|5|5|6|7|7|8|8|8|8|34.50|34.50|34.50|34.50|34.50|34.50|35.60|35.60|35.60|37.20|37.20|37.30|48.50|48.60
4.8|0|1|2|3|4|5|5|6|7|7|8|8|8|29.00|39.30|39.30|39.30|39.30|39.30|39.30|40.40|40.40|40.40|42.00|42.00|42.10|53.30
0|1|1|2|3|4|5|6|6|7|8|8|9|9|4.80|29.00|39.30|39.30|39.30|39.30|39.30|39.30|40.40|40.40|40.40|42.00|42.00|42.10
0|2|2|2|3|4|5|6|7|7|8|9|9|10|0.00|4.80|29.00|39.30|39.30|39.30|39.30|39.30|39.30|40.40|40.40|40.40|42.00|42.00
0|3|3|3|3|4|5|6|7|8|8|9|10|10|0.00|0.00|4.80|29.00|39.30|39.30|39.30|39.30|39.30|39.30|40.40|40.40|40.40|42.00
0|3|4|4|4|4|5|6|7|8|9|9|10|11|0.00|0.00|0.00|4.80|29.00|39.30|39.30|39.30|39.30|39.30|39.30|40.40|40.40|40.40
9.2|2|3|4|4|4|4|5|6|7|8|9|9|10|9.20|9.20|9.20|9.20|14.00|38.20|48.50|48.50|48.50|48.50|48.50|48.50|49.60|49.60
3.1|1|2|3|4|4|4|4|5|6|7|8|9|9|12.30|12.30|12.30|12.30|12.30|17.10|41.30|51.60|51.60|51.60|51.60|51.60|51.60|52.70
0|1|2|3|4|5|5|5|5|6|7|8|9|10|3.10|12.30|12.30|12.30|12.30|12.30|17.10|41.30|51.60|51.60|51.60|51.60|51.60|51.60
4.6|1|1|2|3|4|5|5|5|5|6|7|8|9|4.60|7.70|16.90|16.90|16.90|16.90|16.90|21.70|45.90|56.20|56.20|56.20|56.20|56.20
3.1|1|1|1|2|3|4|5|5|5|5|6|7|8|7.70|7.70|10.80|20.00|20.00|20.00|20.00|20.00|24.80|49.00|59.30|59.30|59.30|59.30
10.6|0|1|1|1|2|3|4|5|5|5|5|6|7|13.70|18.30|18.30|21.40|30.60|30.60|30.60|30.60|30.60|35.40|59.60|69.90|69.90|69.90
28.4|0|0|1|1|1|2|3|4|5|5|5|5|6|39.00|42.10|46.70|46.70|49.80|59.00|59.00|59.00|59.00|59.00|63.80|88.00|98.30|98.30
10.4|0|0|0|1|1|1|2|3|4|5|5|5|5|38.80|49.40|52.50|57.10|57.10|60.20|69.40|69.40|69.40|69.40|69.40|74.20|98.40|108.70
3.2|0|0|0|0|1|1|1|2|3|4|5|5|5|13.60|42.00|52.60|55.70|60.30|60.30|63.40|72.60|72.60|72.60|72.60|72.60|77.40|101.60
0.6|0|0|0|0|0|1|1|1|2|3|4|5|5|3.80|14.20|42.60|53.20|56.30|60.90|60.90|64.00|73.20|73.20|73.20|73.20|73.20|78.00
2.2|0|0|0|0|0|0|1|1|1|2|3|4|5|2.80|6.00|16.40|44.80|55.40|58.50|63.10|63.10|66.20|75.40|75.40|75.40|75.40|75.40
0.2|0|0|0|0|0|0|0|1|1|1|2|3|4|2.40|3.00|6.20|16.60|45.00|55.60|58.70|63.30|63.30|66.40|75.60|75.60|75.60|75.60
0|1|1|1|1|1|1|1|1|2|2|2|3|4|0.20|2.40|3.00|6.20|16.60|45.00|55.60|58.70|63.30|63.30|66.40|75.60|75.60|75.60
0.4|1|1|1|1|1|1|1|1|1|2|2|2|3|0.40|0.60|2.80|3.40|6.60|17.00|45.40|56.00|59.10|63.70|63.70|66.80|76.00|76.00
2.7|1|1|1|1|1|1|1|1|1|1|2|2|2|3.10|3.10|3.30|5.50|6.10|9.30|19.70|48.10|58.70|61.80|66.40|66.40|69.50|78.70
0.7|0|1|1|1|1|1|1|1|1|1|1|2|2|3.40|3.80|3.80|4.00|6.20|6.80|10.00|20.40|48.80|59.40|62.50|67.10|67.10|70.20
0|1|1|2|2|2|2|2|2|2|2|2|2|3|0.70|3.40|3.80|3.80|4.00|6.20|6.80|10.00|20.40|48.80|59.40|62.50|67.10|67.10
12.6|1|1|1|2|2|2|2|2|2|2|2|2|2|12.60|13.30|16.00|16.40|16.40|16.60|18.80|19.40|22.60|33.00|61.40|72.00|75.10|79.70
4|1|1|1|1|2|2|2|2|2|2|2|2|2|16.60|16.60|17.30|20.00|20.40|20.40|20.60|22.80|23.40|26.60|37.00|65.40|76.00|79.10
5.6|0|1|1|1|1|2|2|2|2|2|2|2|2|9.60|22.20|22.20|22.90|25.60|26.00|26.00|26.20|28.40|29.00|32.20|42.60|71.00|81.60
11.1|0|0|1|1|1|1|2|2|2|2|2|2|2|16.70|20.70|33.30|33.30|34.00|36.70|37.10|37.10|37.30|39.50|40.10|43.30|53.70|82.10
17.3|0|0|0|1|1|1|1|2|2|2|2|2|2|28.40|34.00|38.00|50.60|50.60|51.30|54.00|54.40|54.40|54.60|56.80|57.40|60.60|71.00
0.5|0|0|0|0|1|1|1|1|2|2|2|2|2|17.80|28.90|34.50|38.50|51.10|51.10|51.80|54.50|54.90|54.90|55.10|57.30|57.90|61.10
0.2|0|0|0|0|0|1|1|1|1|2|2|2|2|0.70|18.00|29.10|34.70|38.70|51.30|51.30|52.00|54.70|55.10|55.10|55.30|57.50|58.10
0.3|0|0|0|0|0|0|1|1|1|1|2|2|2|0.50|1.00|18.30|29.40|35.00|39.00|51.60|51.60|52.30|55.00|55.40|55.40|55.60|57.80
0.8|0|0|0|0|0|0|0|1|1|1|1|2|2|1.10|1.30|1.80|19.10|30.20|35.80|39.80|52.40|52.40|53.10|55.80|56.20|56.20|56.40
0.4|0|0|0|0|0|0|0|0|1|1|1|1|2|1.20|1.50|1.70|2.20|19.50|30.60|36.20|40.20|52.80|52.80|53.50|56.20|56.60|56.60
0|1|1|1|1|1|1|1|1|1|2|2|2|2|0.40|1.20|1.50|1.70|2.20|19.50|30.60|36.20|40.20|52.80|52.80|53.50|56.20|56.60
0|2|2|2|2|2|2|2|2|2|2|3|3|3|0.00|0.40|1.20|1.50|1.70|2.20|19.50|30.60|36.20|40.20|52.80|52.80|53.50|56.20
0.2|2|2|2|2|2|2|2|2|2|2|2|3|3|0.20|0.20|0.60|1.40|1.70|1.90|2.40|19.70|30.80|36.40|40.40|53.00|53.00|53.70
11.9|1|2|2|2|2|2|2|2|2|2|2|2|3|12.10|12.10|12.10|12.50|13.30|13.60|13.80|14.30|31.60|42.70|48.30|52.30|64.90|64.90
4.2|0|1|2|2|2|2|2|2|2|2|2|2|2|16.10|16.30|16.30|16.30|16.70|17.50|17.80|18.00|18.50|35.80|46.90|52.50|56.50|69.10
12.6|0|0|1|2|2|2|2|2|2|2|2|2|2|16.80|28.70|28.90|28.90|28.90|29.30|30.10|30.40|30.60|31.10|48.40|59.50|65.10|69.10
7.6|0|0|0|1|2|2|2|2|2|2|2|2|2|20.20|24.40|36.30|36.50|36.50|36.50|36.90|37.70|38.00|38.20|38.70|56.00|67.10|72.70
1.1|0|0|0|0|1|2|2|2|2|2|2|2|2|8.70|21.30|25.50|37.40|37.60|37.60|37.60|38.00|38.80|39.10|39.30|39.80|57.10|68.20
20.2|0|0|0|0|0|1|2|2|2|2|2|2|2|21.30|28.90|41.50|45.70|57.60|57.80|57.80|57.80|58.20|59.00|59.30|59.50|60.00|77.30
19.9|0|0|0|0|0|0|1|2|2|2|2|2|2|40.10|41.20|48.80|61.40|65.60|77.50|77.70|77.70|77.70|78.10|78.90|79.20|79.40|79.90
12.2|0|0|0|0|0|0|0|1|2|2|2|2|2|32.10|52.30|53.40|61.00|73.60|77.80|89.70|89.90|89.90|89.90|90.30|91.10|91.40|91.60
18.3|0|0|0|0|0|0|0|0|1|2|2|2|2|30.50|50.40|70.60|71.70|79.30|91.90|96.10|108.00|108.20|108.20|108.20|108.60|109.40|109.70
0.2|0|0|0|0|0|0|0|0|0|1|2|2|2|18.50|30.70|50.60|70.80|71.90|79.50|92.10|96.30|108.20|108.40|108.40|108.40|108.80|109.60
0|1|1|1|1|1|1|1|1|1|1|2|3|3|0.20|18.50|30.70|50.60|70.80|71.90|79.50|92.10|96.30|108.20|108.40|108.40|108.40|108.80
0|2|2|2|2|2|2|2|2|2|2|2|3|4|0.00|0.20|18.50|30.70|50.60|70.80|71.90|79.50|92.10|96.30|108.20|108.40|108.40|108.40
0|3|3|3|3|3|3|3|3|3|3|3|3|4|0.00|0.00|0.20|18.50|30.70|50.60|70.80|71.90|79.50|92.10|96.30|108.20|108.40|108.40
0.2|2|3|3|3|3|3|3|3|3|3|3|3|3|0.20|0.20|0.20|0.40|18.70|30.90|50.80|71.00|72.10|79.70|92.30|96.50|108.40|108.60
32.3|1|2|3|3|3|3|3|3|3|3|3|3|3|32.50|32.50|32.50|32.50|32.70|51.00|63.20|83.10|103.30|104.40|112.00|124.60|128.80|140.70
24.3|0|1|2|3|3|3|3|3|3|3|3|3|3|56.60|56.80|56.80|56.80|56.80|57.00|75.30|87.50|107.40|127.60|128.70|136.30|148.90|153.10
13.4|0|0|1|2|3|3|3|3|3|3|3|3|3|37.70|70.00|70.20|70.20|70.20|70.20|70.40|88.70|100.90|120.80|141.00|142.10|149.70|162.30
11.4|0|0|0|1|2|3|3|3|3|3|3|3|3|24.80|49.10|81.40|81.60|81.60|81.60|81.60|81.80|100.10|112.30|132.20|152.40|153.50|161.10
16.8|0|0|0|0|1|2|3|3|3|3|3|3|3|28.20|41.60|65.90|98.20|98.40|98.40|98.40|98.40|98.60|116.90|129.10|149.00|169.20|170.30
2.3|0|0|0|0|0|1|2|3|3|3|3|3|3|19.10|30.50|43.90|68.20|100.50|100.70|100.70|100.70|100.70|100.90|119.20|131.40|151.30|171.50
1.4|0|0|0|0|0|0|1|2|3|3|3|3|3|3.70|20.50|31.90|45.30|69.60|101.90|102.10|102.10|102.10|102.10|102.30|120.60|132.80|152.70
9.1|0|0|0|0|0|0|0|1|2|3|3|3|3|10.50|12.80|29.60|41.00|54.40|78.70|111.00|111.20|111.20|111.20|111.20|111.40|129.70|141.90
15.2|0|0|0|0|0|0|0|0|1|2|3|3|3|24.30|25.70|28.00|44.80|56.20|69.60|93.90|126.20|126.40|126.40|126.40|126.40|126.60|144.90
18.7|0|0|0|0|0|0|0|0|0|1|2|3|3|33.90|43.00|44.40|46.70|63.50|74.90|88.30|112.60|144.90|145.10|145.10|145.10|145.10|145.30
2.1|0|0|0|0|0|0|0|0|0|0|1|2|3|20.80|36.00|45.10|46.50|48.80|65.60|77.00|90.40|114.70|147.00|147.20|147.20|147.20|147.20
37.5|0|0|0|0|0|0|0|0|0|0|0|1|2|39.60|58.30|73.50|82.60|84.00|86.30|103.10|114.50|127.90|152.20|184.50|184.70|184.70|184.70
28.4|0|0|0|0|0|0|0|0|0|0|0|0|1|65.90|68.00|86.70|101.90|111.00|112.40|114.70|131.50|142.90|156.30|180.60|212.90|213.10|213.10
7.5|0|0|0|0|0|0|0|0|0|0|0|0|0|35.90|73.40|75.50|94.20|109.40|118.50|119.90|122.20|139.00|150.40|163.80|188.10|220.40|220.60
1.5|0|0|0|0|0|0|0|0|0|0|0|0|0|9.00|37.40|74.90|77.00|95.70|110.90|120.00|121.40|123.70|140.50|151.90|165.30|189.60|221.90
27.9|0|0|0|0|0|0|0|0|0|0|0|0|0|29.40|36.90|65.30|102.80|104.90|123.60|138.80|147.90|149.30|151.60|168.40|179.80|193.20|217.50
12.6|0|0|0|0|0|0|0|0|0|0|0|0|0|40.50|42.00|49.50|77.90|115.40|117.50|136.20|151.40|160.50|161.90|164.20|181.00|192.40|205.80
0|1|1|1|1|1|1|1|1|1|1|1|1|1|12.60|40.50|42.00|49.50|77.90|115.40|117.50|136.20|151.40|160.50|161.90|164.20|181.00|192.40
0.1|1|1|1|1|1|1|1|1|1|1|1|1|1|0.10|12.70|40.60|42.10|49.60|78.00|115.50|117.60|136.30|151.50|160.60|162.00|164.30|181.10
0|2|2|2|2|2|2|2|2|2|2|2|2|2|0.10|0.10|12.70|40.60|42.10|49.60|78.00|115.50|117.60|136.30|151.50|160.60|162.00|164.30
0|2|3|3|3|3|3|3|3|3|3|3|3|3|0.00|0.10|0.10|12.70|40.60|42.10|49.60|78.00|115.50|117.60|136.30|151.50|160.60|162.00
0|3|3|4|4|4|4|4|4|4|4|4|4|4|0.00|0.00|0.10|0.10|12.70|40.60|42.10|49.60|78.00|115.50|117.60|136.30|151.50|160.60
0|3|4|4|5|5|5|5|5|5|5|5|5|5|0.00|0.00|0.00|0.10|0.10|12.70|40.60|42.10|49.60|78.00|115.50|117.60|136.30|151.50
0|3|4|5|5|6|6|6|6|6|6|6|6|6|0.00|0.00|0.00|0.00|0.10|0.10|12.70|40.60|42.10|49.60|78.00|115.50|117.60|136.30
0|3|4|5|6|6|7|7|7|7|7|7|7|7|0.00|0.00|0.00|0.00|0.00|0.10|0.10|12.70|40.60|42.10|49.60|78.00|115.50|117.60
9.9|2|3|4|5|6|6|7|7|7|7|7|7|7|9.90|9.90|9.90|9.90|9.90|9.90|10.00|10.00|22.60|50.50|52.00|59.50|87.90|125.40
2.1|1|2|3|4|5|6|6|7|7|7|7|7|7|12.00|12.00|12.00|12.00|12.00|12.00|12.00|12.10|12.10|24.70|52.60|54.10|61.60|90.00
14|0|1|2|3|4|5|6|6|7|7|7|7|7|16.10|26.00|26.00|26.00|26.00|26.00|26.00|26.00|26.10|26.10|38.70|66.60|68.10|75.60
0.8|0|0|1|2|3|4|5|6|6|7|7|7|7|14.80|16.90|26.80|26.80|26.80|26.80|26.80|26.80|26.80|26.90|26.90|39.50|67.40|68.90
27.3|0|0|0|1|2|3|4|5|6|6|7|7|7|28.10|42.10|44.20|54.10|54.10|54.10|54.10|54.10|54.10|54.10|54.20|54.20|66.80|94.70
15.2|0|0|0|0|1|2|3|4|5|6|6|7|7|42.50|43.30|57.30|59.40|69.30|69.30|69.30|69.30|69.30|69.30|69.30|69.40|69.40|82.00
36|0|0|0|0|0|1|2|3|4|5|6|6|7|51.20|78.50|79.30|93.30|95.40|105.30|105.30|105.30|105.30|105.30|105.30|105.30|105.40|105.40
6.9|0|0|0|0|0|0|1|2|3|4|5|6|6|42.90|58.10|85.40|86.20|100.20|102.30|112.20|112.20|112.20|112.20|112.20|112.20|112.20|112.30
3.5|0|0|0|0|0|0|0|1|2|3|4|5|6|10.40|46.40|61.60|88.90|89.70|103.70|105.80|115.70|115.70|115.70|115.70|115.70|115.70|115.70
2.4|0|0|0|0|0|0|0|0|1|2|3|4|5|5.90|12.80|48.80|64.00|91.30|92.10|106.10|108.20|118.10|118.10|118.10|118.10|118.10|118.10
19.4|0|0|0|0|0|0|0|0|0|1|2|3|4|21.80|25.30|32.20|68.20|83.40|110.70|111.50|125.50|127.60|137.50|137.50|137.50|137.50|137.50
1.2|0|0|0|0|0|0|0|0|0|0|1|2|3|20.60|23.00|26.50|33.40|69.40|84.60|111.90|112.70|126.70|128.80|138.70|138.70|138.70|138.70
0.2|0|0|0|0|0|0|0|0|0|0|0|1|2|1.40|20.80|23.20|26.70|33.60|69.60|84.80|112.10|112.90|126.90|129.00|138.90|138.90|138.90
10.2|0|0|0|0|0|0|0|0|0|0|0|0|1|10.40|11.60|31.00|33.40|36.90|43.80|79.80|95.00|122.30|123.10|137.10|139.20|149.10|149.10
4|0|0|0|0|0|0|0|0|0|0|0|0|0|14.20|14.40|15.60|35.00|37.40|40.90|47.80|83.80|99.00|126.30|127.10|141.10|143.20|153.10
22.9|0|0|0|0|0|0|0|0|0|0|0|0|0|26.90|37.10|37.30|38.50|57.90|60.30|63.80|70.70|106.70|121.90|149.20|150.00|164.00|166.10
0.5|0|0|0|0|0|0|0|0|0|0|0|0|0|23.40|27.40|37.60|37.80|39.00|58.40|60.80|64.30|71.20|107.20|122.40|149.70|150.50|164.50
2.7|0|0|0|0|0|0|0|0|0|0|0|0|0|3.20|26.10|30.10|40.30|40.50|41.70|61.10|63.50|67.00|73.90|109.90|125.10|152.40|153.20
0.8|0|0|0|0|0|0|0|0|0|0|0|0|0|3.50|4.00|26.90|30.90|41.10|41.30|42.50|61.90|64.30|67.80|74.70|110.70|125.90|153.20
0.2|0|0|0|0|0|0|0|0|0|0|0|0|0|1.00|3.70|4.20|27.10|31.10|41.30|41.50|42.70|62.10|64.50|68.00|74.90|110.90|126.10
0|1|1|1|1|1|1|1|1|1|1|1|1|1|0.20|1.00|3.70|4.20|27.10|31.10|41.30|41.50|42.70|62.10|64.50|68.00|74.90|110.90
0|2|2|2|2|2|2|2|2|2|2|2|2|2|0.00|0.20|1.00|3.70|4.20|27.10|31.10|41.30|41.50|42.70|62.10|64.50|68.00|74.90
0|3|3|3|3|3|3|3|3|3|3|3|3|3|0.00|0.00|0.20|1.00|3.70|4.20|27.10|31.10|41.30|41.50|42.70|62.10|64.50|68.00
0.9|2|3|3|3|3|3|3|3|3|3|3|3|3|0.90|0.90|0.90|1.10|1.90|4.60|5.10|28.00|32.00|42.20|42.40|43.60|63.00|65.40
0|2|3|4|4|4|4|4|4|4|4|4|4|4|0.90|0.90|0.90|0.90|1.10|1.90|4.60|5.10|28.00|32.00|42.20|42.40|43.60|63.00
0.9|1|2|3|4|4|4|4|4|4|4|4|4|4|0.90|1.80|1.80|1.80|1.80|2.00|2.80|5.50|6.00|28.90|32.90|43.10|43.30|44.50
24.6|1|1|2|3|4|4|4|4|4|4|4|4|4|25.50|25.50|26.40|26.40|26.40|26.40|26.60|27.40|30.10|30.60|53.50|57.50|67.70|67.90
19.3|0|1|1|2|3|4|4|4|4|4|4|4|4|43.90|44.80|44.80|45.70|45.70|45.70|45.70|45.90|46.70|49.40|49.90|72.80|76.80|87.00
12.2|0|0|1|1|2|3|4|4|4|4|4|4|4|31.50|56.10|57.00|57.00|57.90|57.90|57.90|57.90|58.10|58.90|61.60|62.10|85.00|89.00
0.1|0|0|0|1|1|2|3|4|4|4|4|4|4|12.30|31.60|56.20|57.10|57.10|58.00|58.00|58.00|58.00|58.20|59.00|61.70|62.20|85.10
1.4|0|0|0|0|1|1|2|3|4|4|4|4|4|1.50|13.70|33.00|57.60|58.50|58.50|59.40|59.40|59.40|59.40|59.60|60.40|63.10|63.60
7|0|0|0|0|0|1|1|2|3|4|4|4|4|8.40|8.50|20.70|40.00|64.60|65.50|65.50|66.40|66.40|66.40|66.40|66.60|67.40|70.10
0|1|1|1|1|1|1|2|2|3|4|5|5|5|7.00|8.40|8.50|20.70|40.00|64.60|65.50|65.50|66.40|66.40|66.40|66.40|66.60|67.40
0|2|2|2|2|2|2|2|3|3|4|5|6|6|0.00|7.00|8.40|8.50|20.70|40.00|64.60|65.50|65.50|66.40|66.40|66.40|66.40|66.60
0|3|3|3|3|3|3|3|3|4|4|5|6|7|0.00|0.00|7.00|8.40|8.50|20.70|40.00|64.60|65.50|65.50|66.40|66.40|66.40|66.40
1.1|2|3|3|3|3|3|3|3|3|4|4|5|6|1.10|1.10|1.10|8.10|9.50|9.60|21.80|41.10|65.70|66.60|66.60|67.50|67.50|67.50
1.4|1|2|3|3|3|3|3|3|3|3|4|4|5|2.50|2.50|2.50|2.50|9.50|10.90|11.00|23.20|42.50|67.10|68.00|68.00|68.90|68.90
0.1|0|1|2|3|3|3|3|3|3|3|3|4|4|1.50|2.60|2.60|2.60|2.60|9.60|11.00|11.10|23.30|42.60|67.20|68.10|68.10|69.00
0|1|1|2|3|4|4|4|4|4|4|4|4|5|0.10|1.50|2.60|2.60|2.60|2.60|9.60|11.00|11.10|23.30|42.60|67.20|68.10|68.10
0|2|2|2|3|4|5|5|5|5|5|5|5|5|0.00|0.10|1.50|2.60|2.60|2.60|2.60|9.60|11.00|11.10|23.30|42.60|67.20|68.10
0.6|2|2|2|2|3|4|5|5|5|5|5|5|5|0.60|0.60|0.70|2.10|3.20|3.20|3.20|3.20|10.20|11.60|11.70|23.90|43.20|67.80
0.7|1|2|2|2|2|3|4|5|5|5|5|5|5|1.30|1.30|1.30|1.40|2.80|3.90|3.90|3.90|3.90|10.90|12.30|12.40|24.60|43.90
0.1|0|1|2|2|2|2|3|4|5|5|5|5|5|0.80|1.40|1.40|1.40|1.50|2.90|4.00|4.00|4.00|4.00|11.00|12.40|12.50|24.70
0|1|1|2|3|3|3|3|4|5|6|6|6|6|0.10|0.80|1.40|1.40|1.40|1.50|2.90|4.00|4.00|4.00|4.00|11.00|12.40|12.50
0.4|1|1|1|2|3|3|3|3|4|5|6|6|6|0.40|0.50|1.20|1.80|1.80|1.80|1.90|3.30|4.40|4.40|4.40|4.40|11.40|12.80
1.4|1|1|1|1|2|3|3|3|3|4|5|6|6|1.80|1.80|1.90|2.60|3.20|3.20|3.20|3.30|4.70|5.80|5.80|5.80|5.80|12.80
0|1|2|2|2|2|3|4|4|4|4|5|6|7|1.40|1.80|1.80|1.90|2.60|3.20|3.20|3.20|3.30|4.70|5.80|5.80|5.80|5.80
4.5|1|1|2|2|2|2|3|4|4|4|4|5|6|4.50|5.90|6.30|6.30|6.40|7.10|7.70|7.70|7.70|7.80|9.20|10.30|10.30|10.30
0|2|2|2|3|3|3|3|4|5|5|5|5|6|4.50|4.50|5.90|6.30|6.30|6.40|7.10|7.70|7.70|7.70|7.80|9.20|10.30|10.30
0|2|3|3|3|4|4|4|4|5|6|6|6|6|0.00|4.50|4.50|5.90|6.30|6.30|6.40|7.10|7.70|7.70|7.70|7.80|9.20|10.30
0|3|3|4|4|4|5|5|5|5|6|7|7|7|0.00|0.00|4.50|4.50|5.90|6.30|6.30|6.40|7.10|7.70|7.70|7.70|7.80|9.20
0|3|4|4|5|5|5|6|6|6|6|7|8|8|0.00|0.00|0.00|4.50|4.50|5.90|6.30|6.30|6.40|7.10|7.70|7.70|7.70|7.80
0|3|4|5|5|6|6|6|7|7|7|7|8|9|0.00|0.00|0.00|0.00|4.50|4.50|5.90|6.30|6.30|6.40|7.10|7.70|7.70|7.70
2.7|2|3|4|5|5|6|6|6|7|7|7|7|8|2.70|2.70|2.70|2.70|2.70|7.20|7.20|8.60|9.00|9.00|9.10|9.80|10.40|10.40
0|2|3|4|5|6|6|7|7|7|8|8|8|8|2.70|2.70|2.70|2.70|2.70|2.70|7.20|7.20|8.60|9.00|9.00|9.10|9.80|10.40
0|2|3|4|5|6|7|7|8|8|8|9|9|9|0.00|2.70|2.70|2.70|2.70|2.70|2.70|7.20|7.20|8.60|9.00|9.00|9.10|9.80
0|3|3|4|5|6|7|8|8|9|9|9|10|10|0.00|0.00|2.70|2.70|2.70|2.70|2.70|2.70|7.20|7.20|8.60|9.00|9.00|9.10
11.8|2|3|3|4|5|6|7|8|8|9|9|9|10|11.80|11.80|11.80|14.50|14.50|14.50|14.50|14.50|14.50|19.00|19.00|20.40|20.80|20.80
1.4|1|2|3|3|4|5|6|7|8|8|9|9|9|13.20|13.20|13.20|13.20|15.90|15.90|15.90|15.90|15.90|15.90|20.40|20.40|21.80|22.20
1.4|0|1|2|3|3|4|5|6|7|8|8|9|9|2.80|14.60|14.60|14.60|14.60|17.30|17.30|17.30|17.30|17.30|17.30|21.80|21.80|23.20
0|1|1|2|3|4|4|5|6|7|8|9|9|10|1.40|2.80|14.60|14.60|14.60|14.60|17.30|17.30|17.30|17.30|17.30|17.30|21.80|21.80
0|2|2|2|3|4|5|5|6|7|8|9|10|10|0.00|1.40|2.80|14.60|14.60|14.60|14.60|17.30|17.30|17.30|17.30|17.30|17.30|21.80
0|3|3|3|3|4|5|6|6|7|8|9|10|11|0.00|0.00|1.40|2.80|14.60|14.60|14.60|14.60|17.30|17.30|17.30|17.30|17.30|17.30
0|3|4|4|4|4|5|6|7|7|8|9|10|11|0.00|0.00|0.00|1.40|2.80|14.60|14.60|14.60|14.60|17.30|17.30|17.30|17.30|17.30
0|3|4|5|5|5|5|6|7|8|8|9|10|11|0.00|0.00|0.00|0.00|1.40|2.80|14.60|14.60|14.60|14.60|17.30|17.30|17.30|17.30
0.4|2|3|4|5|5|5|5|6|7|8|8|9|10|0.40|0.40|0.40|0.40|0.40|1.80|3.20|15.00|15.00|15.00|15.00|17.70|17.70|17.70
3.1|1|2|3|4|5|5|5|5|6|7|8|8|9|3.50|3.50|3.50|3.50|3.50|3.50|4.90|6.30|18.10|18.10|18.10|18.10|20.80|20.80
0|1|2|3|4|5|6|6|6|6|7|8|9|9|3.10|3.50|3.50|3.50|3.50|3.50|3.50|4.90|6.30|18.10|18.10|18.10|18.10|20.80
0|2|2|3|4|5|6|7|7|7|7|8|9|10|0.00|3.10|3.50|3.50|3.50|3.50|3.50|3.50|4.90|6.30|18.10|18.10|18.10|18.10
0|3|3|3|4|5|6|7|8|8|8|8|9|10|0.00|0.00|3.10|3.50|3.50|3.50|3.50|3.50|3.50|4.90|6.30|18.10|18.10|18.10
0|3|4|4|4|5|6|7|8|9|9|9|9|10|0.00|0.00|0.00|3.10|3.50|3.50|3.50|3.50|3.50|3.50|4.90|6.30|18.10|18.10
0|3|4|5|5|5|6|7|8|9|10|10|10|10|0.00|0.00|0.00|0.00|3.10|3.50|3.50|3.50|3.50|3.50|3.50|4.90|6.30|18.10
0|3|4|5|6|6|6|7|8|9|10|11|11|11|0.00|0.00|0.00|0.00|0.00|3.10|3.50|3.50|3.50|3.50|3.50|3.50|4.90|6.30
1.4|2|3|4|5|6|6|6|7|8|9|10|11|11|1.40|1.40|1.40|1.40|1.40|1.40|4.50|4.90|4.90|4.90|4.90|4.90|4.90|6.30
1|1|2|3|4|5|6|6|6|7|8|9|10|11|2.40|2.40|2.40|2.40|2.40|2.40|2.40|5.50|5.90|5.90|5.90|5.90|5.90|5.90
0|1|2|3|4|5|6|7|7|7|8|9|10|11|1.00|2.40|2.40|2.40|2.40|2.40|2.40|2.40|5.50|5.90|5.90|5.90|5.90|5.90
0|2|2|3|4|5|6|7|8|8|8|9|10|11|0.00|1.00|2.40|2.40|2.40|2.40|2.40|2.40|2.40|5.50|5.90|5.90|5.90|5.90
0|3|3|3|4|5|6|7|8|9|9|9|10|11|0.00|0.00|1.00|2.40|2.40|2.40|2.40|2.40|2.40|2.40|5.50|5.90|5.90|5.90
0|3|4|4|4|5|6|7|8|9|10|10|10|11|0.00|0.00|0.00|1.00|2.40|2.40|2.40|2.40|2.40|2.40|2.40|5.50|5.90|5.90
0|3|4|5|5|5|6|7|8|9|10|11|11|11|0.00|0.00|0.00|0.00|1.00|2.40|2.40|2.40|2.40|2.40|2.40|2.40|5.50|5.90
0|3|4|5|6|6|6|7|8|9|10|11|12|12|0.00|0.00|0.00|0.00|0.00|1.00|2.40|2.40|2.40|2.40|2.40|2.40|2.40|5.50
0|3|4|5|6|7|7|7|8|9|10|11|12|13|0.00|0.00|0.00|0.00|0.00|0.00|1.00|2.40|2.40|2.40|2.40|2.40|2.40|2.40
1.2|2|3|4|5|5|5|5|6|6|6|6|6|6|1.2|1.2|1.2|2.6|1.2|13.2|16.2|18.2|18.20|18.50|19.60|20.70|20.90|21.10
1.4|1|2|3|4|5|5|5|5|6|6|6|6|6|2.6|2.6|2.6|9.3|2.6|2.6|14.6|17.6|19.60|19.60|19.90|21.00|22.10|22.30
6.7|0|1|2|3|4|5|5|5|5|6|6|6|6|8.1|9.3|9.3|9.4|9.3|9.3|9.3|21.3|24.30|26.30|26.30|26.60|27.70|28.80
0.1|0|0|1|2|3|4|5|5|5|5|6|6|6|6.8|8.2|9.4|9.4|9.4|9.4|9.4|9.4|21.40|24.40|26.40|26.40|26.70|27.80
0|1|1|1|2|3|4|5|6|6|6|6|7|7|0.1|6.8|8.2|10.7|9.4|9.4|9.4|9.4|9.40|21.40|24.40|26.40|26.40|26.70
2.5|1|1|1|1|2|3|4|5|6|6|6|6|7|2.5|2.6|9.3|9.4|11.9|11.9|11.9|11.9|11.90|11.90|23.90|26.90|28.90|28.90
0.1|1|1|1|1|1|2|3|4|5|6|6|6|6|2.6|2.6|2.7|2.7|10.8|12|12|12|12.00|12.00|12.00|24.00|27.00|29.00
0|1|2|2|2|2|2|3|4|5|6|7|7|7|0.1|2.6|2.6|2.6|9.4|10.8|12|12|12.00|12.00|12.00|12.00|24.00|27.00
0|2|2|3|3|3|3|3|4|5|6|7|8|8|0|0.1|2.6|2.6|2.7|9.4|10.8|12|12.00|12.00|12.00|12.00|12.00|24.00
0|3|3|3|4|4|4|4|4|5|6|7|8|9|0|0|0.1|13.2|2.6|2.7|9.4|10.8|12.00|12.00|12.00|12.00|12.00|12.00
13.1|2|3|3|3|4|4|4|4|4|5|6|7|8|13.1|13.1|13.1|19.8|15.7|15.7|15.8|22.5|23.90|25.10|25.10|25.10|25.10|25.10
6.7|1|2|3|3|3|4|4|4|4|4|5|6|7|19.8|19.8|19.8|20.1|19.9|22.4|22.4|22.5|29.20|30.60|31.80|31.80|31.80|31.80
0.3|0|1|2|3|3|3|4|4|4|4|4|5|6|7|20.1|20.1|24.4|20.1|20.2|22.7|22.7|22.80|29.50|30.90|32.10|32.10|32.10
4.3|0|0|1|2|3|3|3|4|4|4|4|4|5|4.6|11.3|24.4|33.9|24.4|24.4|24.5|27|27.00|27.10|33.80|35.20|36.40|36.40
9.5|0|0|0|1|2|3|3|3|4|4|4|4|4|13.8|14.1|20.8|22|33.9|33.9|33.9|34|36.50|36.50|36.60|43.30|44.70|45.90
1.2|0|0|0|0|1|2|3|3|3|4|4|4|4|10.7|15|15.3|15.3|35.1|35.1|35.1|35.1|35.20|37.70|37.70|37.80|44.50|45.90
0|1|1|1|1|1|2|3|4|4|4|5|5|5|1.2|10.7|15|15.1|22|35.1|35.1|35.1|35.10|35.20|37.70|37.70|37.80|44.50
0.1|1|1|1|1|1|1|2|3|4|4|4|5|5|0.1|1.3|10.8|10.8|15.4|22.1|35.2|35.2|35.20|35.20|35.30|37.80|37.80|37.90
0|2|2|2|2|2|2|2|3|4|5|5|5|6|0.1|0.1|1.3|3.4|15.1|15.4|22.1|35.2|35.20|35.20|35.20|35.30|37.80|37.80
2.1|1|2|2|2|2|2|2|2|3|4|5|5|5|2.1|2.2|2.2|6.7|12.9|17.2|17.5|24.2|37.30|37.30|37.30|37.30|37.40|39.90
4.5|1|1|2|2|2|2|2|2|2|3|4|5|5|6.6|6.6|6.7|6.8|7.9|17.4|21.7|22|28.70|41.80|41.80|41.80|41.80|41.90
0.1|0|1|1|2|2|2|2|2|2|2|3|4|5|4.6|6.7|6.7|6.7|6.8|8|17.5|21.8|22.10|28.80|41.90|41.90|41.90|41.90
0|1|1|2|2|3|3|3|3|3|3|3|4|5|0.1|4.6|6.7|8.5|6.8|6.8|8|17.5|21.80|22.10|28.80|41.90|41.90|41.90
1.8|1|1|1|2|2|3|3|3|3|3|3|3|4|1.8|1.9|6.4|7.5|8.5|8.6|8.6|9.8|19.30|23.60|23.90|30.60|43.70|43.70
1.1|1|1|1|1|2|2|3|3|3|3|3|3|3|2.9|2.9|3|3|9.6|9.6|9.7|9.7|10.90|20.40|24.70|25.00|31.70|44.80
0|1|2|2|2|2|3|3|4|4|4|4|4|4|1.1|2.9|2.9|3.1|7.5|9.6|9.6|9.7|9.70|10.90|20.40|24.70|25.00|31.70
0.2|1|1|2|2|2|2|3|3|4|4|4|4|4|0.2|1.3|3.1|14.4|3.2|7.7|9.8|9.8|9.90|9.90|11.10|20.60|24.90|25.20
11.3|1|1|1|2|2|2|2|3|3|4|4|4|4|11.5|11.5|12.6|12.8|14.4|14.5|19|21.1|21.10|21.20|21.20|22.40|31.90|36.20
0.2|0|1|1|1|2|2|2|2|3|3|4|4|4|11.5|11.7|11.7|26.3|14.6|14.6|14.7|19.2|21.30|21.30|21.40|21.40|22.60|32.10
14.6|0|0|1|1|1|2|2|2|2|3|3|4|4|14.8|26.1|26.3|29.6|27.4|29.2|29.2|29.3|33.80|35.90|35.90|36.00|36.00|37.20
3.3|0|0|0|1|1|1|2|2|2|2|3|3|4|17.9|18.1|29.4|51.1|29.6|30.7|32.5|32.5|32.60|37.10|39.20|39.20|39.30|39.30
21.7|0|0|0|0|1|1|1|2|2|2|2|3|3|25|39.6|39.8|41.1|51.3|51.3|52.4|54.2|54.20|54.30|58.80|60.90|60.90|61.00
1.3|0|0|0|0|0|1|1|1|2|2|2|2|3|23|26.3|40.9|48.9|52.4|52.6|52.6|53.7|55.50|55.50|55.60|60.10|62.20|62.20
8|0|0|0|0|0|0|1|1|1|2|2|2|2|9.3|31|34.3|48.6|49.1|60.4|60.6|60.6|61.70|63.50|63.50|63.60|68.10|70.20
14.3|0|0|0|0|0|0|0|1|1|1|2|2|2|22.3|23.6|45.3|46.7|63.2|63.4|74.7|74.9|74.90|76.00|77.80|77.80|77.90|82.40
1.4|0|0|0|0|0|0|0|0|1|1|1|2|2|15.7|23.7|25|27.7|50|64.6|64.8|76.1|76.30|76.30|77.40|79.20|79.20|79.30
2.7|0|0|0|0|0|0|0|0|0|1|1|1|2|4.1|18.4|26.4|31.5|49.4|52.7|67.3|67.5|78.80|79.00|79.00|80.10|81.90|81.90
5.1|0|0|0|0|0|0|0|0|0|0|1|1|1|7.8|9.2|23.5|25|32.8|54.5|57.8|72.4|72.60|83.90|84.10|84.10|85.20|87.00
1.5|0|0|0|0|0|0|0|0|0|0|0|1|1|6.6|9.3|10.7|10.9|33|34.3|56|59.3|73.90|74.10|85.40|85.60|85.60|86.70
0.2|0|0|0|0|0|0|0|0|0|0|0|0|1|1.7|6.8|9.5|10.3|25.2|33.2|34.5|56.2|59.50|74.10|74.30|85.60|85.80|85.80
0.8|0|0|0|0|0|0|0|0|0|0|0|0|0|1|2.5|7.6|7.6|11.7|26|34|35.3|57.00|60.30|74.90|75.10|86.40|86.60
0|1|1|1|1|1|1|1|1|1|1|1|1|1|0.8|1|2.5|5.1|10.3|11.7|26|34|35.30|57.00|60.30|74.90|75.10|86.40
2.6|1|1|1|1|1|1|1|1|1|1|1|1|1|2.6|3.4|3.6|3.6|10.2|12.9|14.3|28.6|36.60|37.90|59.60|62.90|77.50|77.70
0|2|2|2|2|2|2|2|2|2|2|2|2|2|2.6|2.6|3.4|3.4|5.1|10.2|12.9|14.3|28.60|36.60|37.90|59.60|62.90|77.50
0|2|3|3|3|3|3|3|3|3|3|3|3|3|0|2.6|2.6|2.6|3.6|5.1|10.2|12.9|14.30|28.60|36.60|37.90|59.60|62.90
0|3|3|4|4|4|4|4|4|4|4|4|4|4|0|0|2.6|2.6|3.4|3.6|5.1|10.2|12.90|14.30|28.60|36.60|37.90|59.60
0|3|4|4|5|5|5|5|5|5|5|5|5|5|0|0|0|0|2.6|3.4|3.6|5.1|10.20|12.90|14.30|28.60|36.60|37.90
0|3|4|5|5|6|6|6|6|6|6|6|6|6|0|0|0|0|2.6|2.6|3.4|3.6|5.10|10.20|12.90|14.30|28.60|36.60
0|3|4|5|6|6|7|7|7|7|7|7|7|7|0|0|0|7.1|0|2.6|2.6|3.4|3.60|5.10|10.20|12.90|14.30|28.60
7.1|2|3|4|5|6|6|7|7|7|7|7|7|7|7.1|7.1|7.1|13.9|7.1|7.1|9.7|9.7|10.50|10.70|12.20|17.30|20.00|21.40
6.8|1|2|3|4|5|6|6|7|7|7|7|7|7|13.9|13.9|13.9|25.5|13.9|13.9|13.9|16.5|16.50|17.30|17.50|19.00|24.10|26.80
11.6|0|1|2|3|4|5|6|6|7|7|7|7|7|18.4|25.5|25.5|31.7|25.5|25.5|25.5|25.5|28.10|28.10|28.90|29.10|30.60|35.70
6.2|0|0|1|2|3|4|5|6|6|7|7|7|7|17.8|24.6|31.7|47.4|31.7|31.7|31.7|31.7|31.70|34.30|34.30|35.10|35.30|36.80
15.7|0|0|0|1|2|3|4|5|6|6|7|7|7|21.9|33.5|40.3|44.7|47.4|47.4|47.4|47.4|47.40|47.40|50.00|50.00|50.80|51.00
4.4|0|0|0|0|1|2|3|4|5|6|6|7|7|20.1|26.3|37.9|50.3|51.8|51.8|51.8|51.8|51.80|51.80|51.80|54.40|54.40|55.20
12.4|0|0|0|0|0|1|2|3|4|5|6|6|7|16.8|32.5|38.7|40|57.1|64.2|64.2|64.2|64.20|64.20|64.20|64.20|66.80|66.80
1.3|0|0|0|0|0|0|1|2|3|4|5|6|6|13.7|18.1|33.8|44.2|51.6|58.4|65.5|65.5|65.50|65.50|65.50|65.50|65.50|68.10
10.4|0|0|0|0|0|0|0|1|2|3|4|5|6|11.7|24.1|28.5|36.6|50.4|62|68.8|75.9|75.90|75.90|75.90|75.90|75.90|75.90
8.1|0|0|0|0|0|0|0|0|1|2|3|4|5|18.5|19.8|32.2|36.1|52.3|58.5|70.1|76.9|84.00|84.00|84.00|84.00|84.00|84.00
3.9|0|0|0|0|0|0|0|0|0|1|2|3|4|12|22.4|23.7|27|40.5|56.2|62.4|74|80.80|87.90|87.90|87.90|87.90|87.90
3.3|0|0|0|0|0|0|0|0|0|0|1|2|3|7.2|15.3|25.7|33.5|39.4|43.8|59.5|65.7|77.30|84.10|91.20|91.20|91.20|91.20
7.8|0|0|0|0|0|0|0|0|0|0|0|1|2|11.1|15|23.1|29.6|34.8|47.2|51.6|67.3|73.50|85.10|91.90|99.00|99.00|99.00
6.5|0|0|0|0|0|0|0|0|0|0|0|0|1|14.3|17.6|21.5|21.9|40|41.3|53.7|58.1|73.80|80.00|91.60|98.40|105.50|105.50
0.4|0|0|0|0|0|0|0|0|0|0|0|0|0|6.9|14.7|18|20.2|30|40.4|41.7|54.1|58.50|74.20|80.40|92.00|98.80|105.90
2.2|0|0|0|0|0|0|0|0|0|0|0|0|0|2.6|9.1|16.9|17.8|24.1|32.2|42.6|43.9|56.30|60.70|76.40|82.60|94.20|101.00
0.9|0|0|0|0|0|0|0|0|0|0|0|0|0|3.1|3.5|10|13.5|21.1|25|33.1|43.5|44.80|57.20|61.60|77.30|83.50|95.10
3.5|0|0|0|0|0|0|0|0|0|0|0|0|0|4.4|6.6|7|9|21.3|24.6|28.5|36.6|47.00|48.30|60.70|65.10|80.80|87.00
2|0|0|0|0|0|0|0|0|0|0|0|0|0|5.5|6.4|8.6|10.5|15.5|23.3|26.6|30.5|38.60|49.00|50.30|62.70|67.10|82.80
1.9|0|0|0|0|0|0|0|0|0|0|0|0|0|3.9|7.4|8.3|9.7|10.9|17.4|25.2|28.5|32.40|40.50|50.90|52.20|64.60|69.00
1.4|0|0|0|0|0|0|0|0|0|0|0|0|0|3.3|5.3|8.8|9.5|11.9|12.3|18.8|26.6|29.90|33.80|41.90|52.30|53.60|66.00
0.7|0|0|0|0|0|0|0|0|0|0|0|0|0|2.1|4|6|7.5|10.4|12.6|13|19.5|27.30|30.60|34.50|42.60|53.00|54.30
1.5|0|0|0|0|0|0|0|0|0|0|0|0|0|2.2|3.6|5.5|7.6|11|11.9|14.1|14.5|21.00|28.80|32.10|36.00|44.10|54.50
2.1|0|0|0|0|0|0|0|0|0|0|0|0|0|3.6|4.3|5.7|8.3|9.6|13.1|14|16.2|16.60|23.10|30.90|34.20|38.10|46.20
2.6|0|0|0|0|0|0|0|0|0|0|0|0|0|4.7|6.2|6.9|14.8|10.2|12.2|15.7|16.6|18.80|19.20|25.70|33.50|36.80|40.70
7.9|0|0|0|0|0|0|0|0|0|0|0|0|0|10.5|12.6|14.1|14.5|16.2|18.1|20.1|23.6|24.50|26.70|27.10|33.60|41.40|44.70
0.4|0|0|0|0|0|0|0|0|0|0|0|0|0|8.3|10.9|13|13.2|15.2|16.6|18.5|20.5|24.00|24.90|27.10|27.50|34.00|41.80
0.2|0|0|0|0|0|0|0|0|0|0|0|0|0|0.6|8.5|11.1|12.5|14.7|15.4|16.8|18.7|20.70|24.20|25.10|27.30|27.70|34.20
1.4|0|0|0|0|0|0|0|0|0|0|0|0|0|1.6|2|9.9|9.9|14.6|16.1|16.8|18.2|20.10|22.10|25.60|26.50|28.70|29.10
0|1|1|1|1|1|1|1|1|1|1|1|1|1|1.4|1.6|2|8.9|12.5|14.6|16.1|16.8|18.20|20.10|22.10|25.60|26.50|28.70
6.9|1|1|1|1|1|1|1|1|1|1|1|1|1|6.9|8.3|8.5|14.4|16.8|19.4|21.5|23|23.70|25.10|27.00|29.00|32.50|33.40
5.9|1|1|1|1|1|1|1|1|1|1|1|1|1|12.8|12.8|14.2|21.9|14.8|22.7|25.3|27.4|28.90|29.60|31.00|32.90|34.90|38.40
7.7|0|1|1|1|1|1|1|1|1|1|1|1|1|13.6|20.5|20.5|26.2|22.1|22.5|30.4|33|35.10|36.60|37.30|38.70|40.60|42.60
5.7|0|0|1|1|1|1|1|1|1|1|1|1|1|13.4|19.3|26.2|32|27.6|27.8|28.2|36.1|38.70|40.80|42.30|43.00|44.40|46.30
5.8|0|0|0|1|1|1|1|1|1|1|1|1|1|11.5|19.2|25.1|30.9|32|33.4|33.6|34|41.90|44.50|46.60|48.10|48.80|50.20
5.8|0|0|0|0|1|1|1|1|1|1|1|1|1|11.6|17.3|25|36.3|37.8|37.8|39.2|39.4|39.80|47.70|50.30|52.40|53.90|54.60
11.3|0|0|0|0|0|1|1|1|1|1|1|1|1|17.1|22.9|28.6|44.5|42.2|49.1|49.1|50.5|50.70|51.10|59.00|61.60|63.70|65.20
15.9|0|0|0|0|0|0|1|1|1|1|1|1|1|27.2|33|38.8|54.7|52.2|58.1|65|65|66.40|66.60|67.00|74.90|77.50|79.60
15.9|0|0|0|0|0|0|0|1|1|1|1|1|1|31.8|43.1|48.9|49.1|60.4|68.1|74|80.9|80.90|82.30|82.50|82.90|90.80|93.40
0.2|0|0|0|0|0|0|0|0|1|1|1|1|1|16.1|32|43.3|49|54.9|60.6|68.3|74.2|81.10|81.10|82.50|82.70|83.10|91.00
5.7|0|0|0|0|0|0|0|0|0|1|1|1|1|5.9|21.8|37.7|37.7|54.8|60.6|66.3|74|79.90|86.80|86.80|88.20|88.40|88.80
0|1|1|1|1|1|1|1|1|1|1|2|2|2|5.7|5.9|21.8|21.8|49|54.8|60.6|66.3|74.00|79.90|86.80|86.80|88.20|88.40
0|2|2|2|2|2|2|2|2|2|2|2|3|3|0|5.7|5.9|14.2|37.7|49|54.8|60.6|66.30|74.00|79.90|86.80|86.80|88.20
8.3|2|2|2|2|2|2|2|2|2|2|2|2|3|8.3|8.3|14|17|30.1|46|57.3|63.1|68.90|74.60|82.30|88.20|95.10|95.10
3|1|2|2|2|2|2|2|2|2|2|2|2|2|11.3|11.3|11.3|11.8|17.2|33.1|49|60.3|66.10|71.90|77.60|85.30|91.20|98.10
0.5|0|1|2|2|2|2|2|2|2|2|2|2|2|3.5|11.8|11.8|13.8|17.5|17.7|33.6|49.5|60.80|66.60|72.40|78.10|85.80|91.70
2|0|0|1|2|2|2|2|2|2|2|2|2|2|2.5|5.5|13.8|13.9|13.8|19.5|19.7|35.6|51.50|62.80|68.60|74.40|80.10|87.80
0.1|0|0|0|1|2|2|2|2|2|2|2|2|2|2.1|2.6|5.6|6|13.9|13.9|19.6|19.8|35.70|51.60|62.90|68.70|74.50|80.20
0.4|0|0|0|0|1|2|2|2|2|2|2|2|2|0.5|2.5|3|8.7|14.3|14.3|14.3|20|20.20|36.10|52.00|63.30|69.10|74.90
5.7|0|0|0|0|0|1|2|2|2|2|2|2|2|6.1|6.2|8.2|16.3|11.7|20|20|20|25.70|25.90|41.80|57.70|69.00|74.80
8.1|0|0|0|0|0|0|1|2|2|2|2|2|2|13.8|14.2|14.3|16.5|16.8|19.8|28.1|28.1|28.10|33.80|34.00|49.90|65.80|77.10
2.2|0|0|0|0|0|0|0|1|2|2|2|2|2|10.3|16|16.4|18.9|18.5|19|22|30.3|30.30|30.30|36.00|36.20|52.10|68.00
2.5|0|0|0|0|0|0|0|0|1|2|2|2|2|4.7|12.8|18.5|18.7|19|21|21.5|24.5|32.80|32.80|32.80|38.50|38.70|54.60
0.2|0|0|0|0|0|0|0|0|0|1|2|2|2|2.7|4.9|13|17.5|19.1|19.2|21.2|21.7|24.70|33.00|33.00|33.00|38.70|38.90
4.5|0|0|0|0|0|0|0|0|0|0|1|2|2|4.7|7.2|9.4|10.4|23.2|23.6|23.7|25.7|26.20|29.20|37.50|37.50|37.50|43.20
1|0|0|0|0|0|0|0|0|0|0|0|1|2|5.5|5.7|8.2|13.5|18.5|24.2|24.6|24.7|26.70|27.20|30.20|38.50|38.50|38.50
5.3|0|0|0|0|0|0|0|0|0|0|0|0|1|6.3|10.8|11|15.8|15.7|23.8|29.5|29.9|30.00|32.00|32.50|35.50|43.80|43.80
4.8|0|0|0|0|0|0|0|0|0|0|0|0|0|10.1|11.1|15.6|15.6|18.3|20.5|28.6|34.3|34.70|34.80|36.80|37.30|40.30|48.60
0|1|1|1|1|1|1|1|1|1|1|1|1|1|4.8|10.1|11.1|14.1|15.8|18.3|20.5|28.6|34.30|34.70|34.80|36.80|37.30|40.30
3|1|1|1|1|1|1|1|1|1|1|1|1|1|3|7.8|13.1|16.8|18.6|18.8|21.3|23.5|31.60|37.30|37.70|37.80|39.80|40.30
3.7|1|1|1|1|1|1|1|1|1|1|1|1|1|6.7|6.7|11.5|31.9|17.8|22.3|22.5|25|27.20|35.30|41.00|41.40|41.50|43.50
20.4|0|1|1|1|1|1|1|1|1|1|1|1|1|24.1|27.1|27.1|28.3|37.2|38.2|42.7|42.9|45.40|47.60|55.70|61.40|61.80|61.90
1.2|0|0|1|1|1|1|1|1|1|1|1|1|1|21.6|25.3|28.3|28.4|33.1|38.4|39.4|43.9|44.10|46.60|48.80|56.90|62.60|63.00
0.1|0|0|0|1|1|1|1|1|1|1|1|1|1|1.3|21.7|25.4|32.7|28.4|33.2|38.5|39.5|44.00|44.20|46.70|48.90|57.00|62.70
7.3|0|0|0|0|1|1|1|1|1|1|1|1|1|7.4|8.6|29|29.4|35.7|35.7|40.5|45.8|46.80|51.30|51.50|54.00|56.20|64.30
0.4|0|0|0|0|0|1|1|1|1|1|1|1|1|7.7|7.8|9|17.5|33.1|36.1|36.1|40.9|46.20|47.20|51.70|51.90|54.40|56.60
8.5|0|0|0|0|0|0|1|1|1|1|1|1|1|8.9|16.2|16.3|30|37.9|41.6|44.6|44.6|49.40|54.70|55.70|60.20|60.40|62.90
13.7|0|0|0|0|0|0|0|1|1|1|1|1|1|22.2|22.6|29.9|38.5|31.2|51.6|55.3|58.3|58.30|63.10|68.40|69.40|73.90|74.10
8.6|0|0|0|0|0|0|0|0|1|1|1|1|1|22.3|30.8|31.2|34.7|38.6|39.8|60.2|63.9|66.90|66.90|71.70|77.00|78.00|82.50
3.5|0|0|0|0|0|0|0|0|0|1|1|1|1|12.1|25.8|34.3|35|42|42.1|43.3|63.7|67.40|70.40|70.40|75.20|80.50|81.50
0.7|0|0|0|0|0|0|0|0|0|0|1|1|1|4.2|12.8|26.5|41.3|35.4|42.7|42.8|44|64.40|68.10|71.10|71.10|75.90|81.20
14.8|0|0|0|0|0|0|0|0|0|0|0|1|1|15.5|19|27.6|31.8|49.8|50.2|57.5|57.6|58.80|79.20|82.90|85.90|85.90|90.70
4.2|0|0|0|0|0|0|0|0|0|0|0|0|1|19|19.7|23.2|33.6|45.5|54|54.4|61.7|61.80|63.00|83.40|87.10|90.10|90.10
10.4|0|0|0|0|0|0|0|0|0|0|0|0|0|14.6|29.4|30.1|48.9|42.2|55.9|64.4|64.8|72.10|72.20|73.40|93.80|97.50|100.50
18.8|0|0|0|0|0|0|0|0|0|0|0|0|0|29.2|33.4|48.2|54.3|52.4|61|74.7|83.2|83.60|90.90|91.00|92.20|112.60|116.30
6.1|0|0|0|0|0|0|0|0|0|0|0|0|0|24.9|35.3|39.5|42.6|55|58.5|67.1|80.8|89.30|89.70|97.00|97.10|98.30|118.70
3.1|0|0|0|0|0|0|0|0|0|0|0|0|0|9.2|28|38.4|57.5|57.4|58.1|61.6|70.2|83.90|92.40|92.80|100.10|100.20|101.40
19.1|0|0|0|0|0|0|0|0|0|0|0|0|0|22.2|28.3|47.1|53.7|61.7|76.5|77.2|80.7|89.30|103.00|111.50|111.90|119.20|119.30
6.6|0|0|0|0|0|0|0|0|0|0|0|0|0|25.7|28.8|34.9|39.4|64.1|68.3|83.1|83.8|87.30|95.90|109.60|118.10|118.50|125.80
4.5|0|0|0|0|0|0|0|0|0|0|0|0|0|11.1|30.2|33.3|46.4|58.2|68.6|72.8|87.6|88.30|91.80|100.40|114.10|122.60|123.00
13.1|0|0|0|0|0|0|0|0|0|0|0|0|0|17.6|24.2|43.3|55.7|52.5|71.3|81.7|85.9|100.70|101.40|104.90|113.50|127.20|135.70
12.4|0|0|0|0|0|0|0|0|0|0|0|0|0|25.5|30|36.6|42|58.8|64.9|83.7|94.1|98.30|113.10|113.80|117.30|125.90|139.60
5.4|0|0|0|0|0|0|0|0|0|0|0|0|0|17.8|30.9|35.4|36.4|61.1|64.2|70.3|89.1|99.50|103.70|118.50|119.20|122.70|131.30
1|0|0|0|0|0|0|0|0|0|0|0|0|0|6.4|18.8|31.9|33.7|43|62.1|65.2|71.3|90.10|100.50|104.70|119.50|120.20|123.70
1.8|0|0|0|0|0|0|0|0|0|0|0|0|0|2.8|8.2|20.6|22.8|38.2|44.8|63.9|67|73.10|91.90|102.30|106.50|121.30|122.00
2.2|0|0|0|0|0|0|0|0|0|0|0|0|0|4|5|10.4|15.4|35.9|40.4|47|66.1|69.20|75.30|94.10|104.50|108.70|123.50
5|0|0|0|0|0|0|0|0|0|0|0|0|0|7.2|9|10|15.9|27.8|40.9|45.4|52|71.10|74.20|80.30|99.10|109.50|113.70
5.9|0|0|0|0|0|0|0|0|0|0|0|0|0|10.9|13.1|14.9|24.3|21.3|33.7|46.8|51.3|57.90|77.00|80.10|86.20|105.00|115.40
9.4|0|0|0|0|0|0|0|0|0|0|0|0|0|15.3|20.3|22.5|29.6|25.3|30.7|43.1|56.2|60.70|67.30|86.40|89.50|95.60|114.40
7.1|0|0|0|0|0|0|0|0|0|0|0|0|0|16.5|22.4|27.4|44|31.4|32.4|37.8|50.2|63.30|67.80|74.40|93.50|96.60|102.70
16.6|0|0|0|0|0|0|0|0|0|0|0|0|0|23.7|33.1|39|55.1|46.2|48|49|54.4|66.80|79.90|84.40|91.00|110.10|113.20
16.1|0|0|0|0|0|0|0|0|0|0|0|0|0|32.7|39.8|49.2|56.6|60.1|62.3|64.1|65.1|70.50|82.90|96.00|100.50|107.10|126.20
7.4|0|0|0|0|0|0|0|0|0|0|0|0|0|23.5|40.1|47.2|67.1|62.5|67.5|69.7|71.5|72.50|77.90|90.30|103.40|107.90|114.50
19.9|0|0|0|0|0|0|0|0|0|0|0|0|0|27.3|43.4|60|61|76.5|82.4|87.4|89.6|91.40|92.40|97.80|110.20|123.30|127.80
1|0|0|0|0|0|0|0|0|0|0|0|0|0|20.9|28.3|44.4|47.2|68.1|77.5|83.4|88.4|90.60|92.40|93.40|98.80|111.20|124.30
2.8|0|0|0|0|0|0|0|0|0|0|0|0|0|3.8|23.7|31.1|35.9|63.8|70.9|80.3|86.2|91.20|93.40|95.20|96.20|101.60|114.00
4.8|0|0|0|0|0|0|0|0|0|0|0|0|0|7.6|8.6|28.5|40.3|52|68.6|75.7|85.1|91.00|96.00|98.20|100.00|101.00|106.40
11.8|0|0|0|0|0|0|0|0|0|0|0|0|0|16.6|19.4|20.4|20.4|47.7|63.8|80.4|87.5|96.90|102.80|107.80|110.00|111.80|112.80
0|1|1|1|1|1|1|1|1|1|1|1|1|1|11.8|16.6|19.4|41|40.3|47.7|63.8|80.4|87.50|96.90|102.80|107.80|110.00|111.80
21.6|1|1|1|1|1|1|1|1|1|1|1|1|1|21.6|33.4|38.2|40|42|61.9|69.3|85.4|102.00|109.10|118.50|124.40|129.40|131.60
1.8|1|1|1|1|1|1|1|1|1|1|1|1|1|23.4|23.4|35.2|35.3|42.8|43.8|63.7|71.1|87.20|103.80|110.90|120.30|126.20|131.20
0.1|0|1|1|1|1|1|1|1|1|1|1|1|1|1.9|23.5|23.5|23.5|40.1|42.9|43.9|63.8|71.20|87.30|103.90|111.00|120.40|126.30
0|1|1|2|2|2|2|2|2|2|2|2|2|2|0.1|1.9|23.5|36.1|35.3|40.1|42.9|43.9|63.80|71.20|87.30|103.90|111.00|120.40
12.6|1|1|1|2|2|2|2|2|2|2|2|2|2|12.6|12.7|14.5|24.8|36.1|47.9|52.7|55.5|56.50|76.40|83.80|99.90|116.50|123.60
10.3|1|1|1|1|2|2|2|2|2|2|2|2|2|22.9|22.9|23|39.3|46.4|46.4|58.2|63|65.80|66.80|86.70|94.10|110.20|126.80
16.3|0|1|1|1|1|2|2|2|2|2|2|2|2|26.6|39.2|39.2|49|41.1|62.7|62.7|74.5|79.30|82.10|83.10|103.00|110.40|126.50
9.8|0|0|1|1|1|1|2|2|2|2|2|2|2|26.1|36.4|49|59.1|49.1|50.9|72.5|72.5|84.30|89.10|91.90|92.90|112.80|120.20
10.1|0|0|0|1|1|1|1|2|2|2|2|2|2|19.9|36.2|46.5|48.9|59.1|59.2|61|82.6|82.60|94.40|99.20|102.00|103.00|122.90
2.4|0|0|0|0|1|1|1|1|2|2|2|2|2|12.5|22.3|38.6|39.6|61.5|61.5|61.6|63.4|85.00|85.00|96.80|101.60|104.40|105.40
1|0|0|0|0|0|1|1|1|1|2|2|2|2|3.4|13.5|23.3|23.4|49.9|62.5|62.5|62.6|64.40|86.00|86.00|97.80|102.60|105.40
0.1|0|0|0|0|0|0|1|1|1|1|2|2|2|1.1|3.5|13.6|24.1|39.7|50|62.6|62.6|62.70|64.50|86.10|86.10|97.90|102.70
10.5|0|0|0|0|0|0|0|1|1|1|1|2|2|10.6|11.6|14|15.6|33.9|50.2|60.5|73.1|73.10|73.20|75.00|96.60|96.60|108.40
1.6|0|0|0|0|0|0|0|0|1|1|1|1|2|12.1|12.2|13.2|14.9|25.7|35.5|51.8|62.1|74.70|74.70|74.80|76.60|98.20|98.20
1.7|0|0|0|0|0|0|0|0|0|1|1|1|1|3.3|13.8|13.9|19.8|17.3|27.4|37.2|53.5|63.80|76.40|76.40|76.50|78.30|99.90
5.9|0|0|0|0|0|0|0|0|0|0|1|1|1|7.6|9.2|19.7|26.3|20.8|23.2|33.3|43.1|59.40|69.70|82.30|82.30|82.40|84.20
6.6|0|0|0|0|0|0|0|0|0|0|0|1|1|12.5|14.2|15.8|22.5|26.4|27.4|29.8|39.9|49.70|66.00|76.30|88.90|88.90|89.00
6.7|0|0|0|0|0|0|0|0|0|0|0|0|1|13.3|19.2|20.9|57.4|33|33.1|34.1|36.5|46.60|56.40|72.70|83.00|95.60|95.60
36.5|0|0|0|0|0|0|0|0|0|0|0|0|0|43.2|49.8|55.7|87.5|59|69.5|69.6|70.6|73.00|83.10|92.90|109.20|119.50|132.10
31.8|0|0|0|0|0|0|0|0|0|0|0|0|0|68.3|75|81.6|105|89.2|90.8|101.3|101.4|102.40|104.80|114.90|124.70|141.00|151.30
23.4|0|0|0|0|0|0|0|0|0|0|0|0|0|55.2|91.7|98.4|106.4|110.9|112.6|114.2|124.7|124.80|125.80|128.20|138.30|148.10|164.40
8|0|0|0|0|0|0|0|0|0|0|0|0|0|31.4|63.2|99.7|102.7|113|118.9|120.6|122.2|132.70|132.80|133.80|136.20|146.30|156.10
3|0|0|0|0|0|0|0|0|0|0|0|0|0|11|34.4|66.2|66.7|109.4|116|121.9|123.6|125.20|135.70|135.80|136.80|139.20|149.30
0.5|0|0|0|0|0|0|0|0|0|0|0|0|0|3.5|11.5|34.9|34.9|103.2|109.9|116.5|122.4|124.10|125.70|136.20|136.30|137.30|139.70
0|1|1|1|1|1|1|1|1|1|1|1|1|1|0.5|3.5|11.5|12.8|66.7|103.2|109.9|116.5|122.40|124.10|125.70|136.20|136.30|137.30
1.3|1|1|1|1|1|1|1|1|1|1|1|1|1|1.3|1.8|4.8|14.5|36.2|68|104.5|111.2|117.80|123.70|125.40|127.00|137.50|137.60
9.7|1|1|1|1|1|1|1|1|1|1|1|1|1|11|11|11.5|37.8|22.5|45.9|77.7|114.2|120.90|127.50|133.40|135.10|136.70|147.20
26.3|0|1|1|1|1|1|1|1|1|1|1|1|1|36|37.3|37.3|52.5|40.8|48.8|72.2|104|140.50|147.20|153.80|159.70|161.40|163.00
15.2|0|0|1|1|1|1|1|1|1|1|1|1|1|41.5|51.2|52.5|52.5|53|56|64|87.4|119.20|155.70|162.40|169.00|174.90|176.60
0.00|3|4|4|4|4|4|4|4|4|4|4|4|5|0|0|0.00|1.10|1.70|1.80|14.80|20.20|35.20|52.00|97.00|101.30|107.10|107.10
0.00|3|4|5|5|5|5|5|5|5|5|5|5|5|0|0|0.00|0.00|1.10|1.70|1.80|14.80|20.20|35.20|52.00|97.00|101.30|107.10
0.00|3|4|5|6|6|6|6|6|6|6|6|6|6|0|0|0.00|0.00|0.00|1.10|1.70|1.80|14.80|20.20|35.20|52.00|97.00|101.30
0.00|3|4|5|6|7|7|7|7|7|7|7|7|7|0|0|0.00|0.00|0.00|0.00|1.10|1.70|1.80|14.80|20.20|35.20|52.00|97.00
0.00|3|4|5|6|7|8|8|8|8|8|8|8|8|0|0|0.00|0.00|0.00|0.00|0.00|1.10|1.70|1.80|14.80|20.20|35.20|52.00
0.00|3|4|5|6|7|8|9|9|9|9|9|9|9|0|0|0.00|0.00|0.00|0.00|0.00|0.00|1.10|1.70|1.80|14.80|20.20|35.20
0.00|3|4|5|6|7|8|9|10|10|10|10|10|10|0|0|0.00|0.00|0.00|0.00|0.00|0.00|0.00|1.10|1.70|1.80|14.80|20.20
4.90|2|3|4|5|6|7|8|9|10|10|10|10|10|4.9|4.9|4.90|4.90|4.90|4.90|4.90|4.90|4.90|4.90|6.00|6.60|6.70|19.70
1.70|1|2|3|4|5|6|7|8|9|10|10|10|10|6.6|6.6|6.60|6.60|6.60|6.60|6.60|6.60|6.60|6.60|6.60|7.70|8.30|8.40
0.00|1|2|3|4|5|6|7|8|9|10|11|11|11|1.7|6.6|6.60|6.60|6.60|6.60|6.60|6.60|6.60|6.60|6.60|6.60|7.70|8.30
0.30|1|1|2|3|4|5|6|7|8|9|10|11|11|0.3|2|6.90|6.90|6.90|6.90|6.90|6.90|6.90|6.90|6.90|6.90|6.90|8.00
0.70|1|1|1|2|3|4|5|6|7|8|9|10|11|1|1|2.70|7.60|7.60|7.60|7.60|7.60|7.60|7.60|7.60|7.60|7.60|7.60
0.00|1|2|2|2|3|4|5|6|7|8|9|10|11|0.7|1|1.00|2.70|7.60|7.60|7.60|7.60|7.60|7.60|7.60|7.60|7.60|7.60
0.00|2|2|3|3|3|4|5|6|7|8|9|10|11|0|0.7|1.00|1.00|2.70|7.60|7.60|7.60|7.60|7.60|7.60|7.60|7.60|7.60
1.20|2|2|2|3|3|3|4|5|6|7|8|9|10|1.2|1.2|1.90|2.20|2.20|3.90|8.80|8.80|8.80|8.80|8.80|8.80|8.80|8.80
0.00|2|3|3|3|4|4|4|5|6|7|8|9|10|1.2|1.2|1.20|1.90|2.20|2.20|3.90|8.80|8.80|8.80|8.80|8.80|8.80|8.80
0.00|2|3|4|4|4|5|5|5|6|7|8|9|10|0|1.2|1.20|1.20|1.90|2.20|2.20|3.90|8.80|8.80|8.80|8.80|8.80|8.80
0.00|3|3|4|5|5|5|6|6|6|7|8|9|10|0|0|1.20|1.20|1.20|1.90|2.20|2.20|3.90|8.80|8.80|8.80|8.80|8.80
0.00|3|4|4|5|6|6|6|7|7|7|8|9|10|0|0|0.00|1.20|1.20|1.20|1.90|2.20|2.20|3.90|8.80|8.80|8.80|8.80
0.00|3|4|5|5|6|7|7|7|8|8|8|9|10|0|0|0.00|0.00|1.20|1.20|1.20|1.90|2.20|2.20|3.90|8.80|8.80|8.80
0.00|3|4|5|6|6|7|8|8|8|9|9|9|10|0|0|0.00|0.00|0.00|1.20|1.20|1.20|1.90|2.20|2.20|3.90|8.80|8.80
0.00|3|4|5|6|7|7|8|9|9|9|10|10|10|0|0|0.00|0.00|0.00|0.00|1.20|1.20|1.20|1.90|2.20|2.20|3.90|8.80
0.00|3|4|5|6|7|8|8|9|10|10|10|11|11|0|0|0.00|0.00|0.00|0.00|0.00|1.20|1.20|1.20|1.90|2.20|2.20|3.90
0.00|3|4|5|6|7|8|9|9|10|11|11|11|12|0|0|0.00|0.00|0.00|0.00|0.00|0.00|1.20|1.20|1.20|1.90|2.20|2.20
6.00|2|3|4|5|6|7|8|9|9|10|11|11|11|6|6|6.00|6.00|6.00|6.00|6.00|6.00|6.00|7.20|7.20|7.20|7.90|8.20
18.60|1|2|3|4|5|6|7|8|9|9|10|11|11|24.6|24.6|24.60|24.60|24.60|24.60|24.60|24.60|24.60|24.60|25.80|25.80|25.80|26.50
0.00|1|2|3|4|5|6|7|8|9|10|10|11|12|18.6|24.6|24.60|24.60|24.60|24.60|24.60|24.60|24.60|24.60|24.60|25.80|25.80|25.80
10.60|1|1|2|3|4|5|6|7|8|9|10|10|11|10.6|29.2|35.20|35.20|35.20|35.20|35.20|35.20|35.20|35.20|35.20|35.20|36.40|36.40
0.00|2|2|2|3|4|5|6|7|8|9|10|11|11|10.6|10.6|29.20|35.20|35.20|35.20|35.20|35.20|35.20|35.20|35.20|35.20|35.20|36.40
0.00|2|3|3|3|4|5|6|7|8|9|10|11|12|0|10.6|10.60|29.20|35.20|35.20|35.20|35.20|35.20|35.20|35.20|35.20|35.20|35.20
5.20|2|2|3|3|3|4|5|6|7|8|9|10|11|5.2|5.2|15.80|15.80|34.40|40.40|40.40|40.40|40.40|40.40|40.40|40.40|40.40|40.40
2.70|1|2|2|3|3|3|4|5|6|7|8|9|10|7.9|7.9|7.90|18.50|18.50|37.10|43.10|43.10|43.10|43.10|43.10|43.10|43.10|43.10
1.70|0|1|2|2|3|3|3|4|5|6|7|8|9|4.4|9.6|9.60|9.60|20.20|20.20|38.80|44.80|44.80|44.80|44.80|44.80|44.80|44.80
3.30|0|0|1|2|2|3|3|3|4|5|6|7|8|5|7.7|12.90|12.90|12.90|23.50|23.50|42.10|48.10|48.10|48.10|48.10|48.10|48.10
3.80|0|0|0|1|2|2|3|3|3|4|5|6|7|7.1|8.8|11.50|16.70|16.70|16.70|27.30|27.30|45.90|51.90|51.90|51.90|51.90|51.90
28.70|0|0|0|0|1|2|2|3|3|3|4|5|6|32.5|35.8|37.50|40.20|45.40|45.40|45.40|56.00|56.00|74.60|80.60|80.60|80.60|80.60
17.60|0|0|0|0|0|1|2|2|3|3|3|4|5|46.3|50.1|53.40|55.10|57.80|63.00|63.00|63.00|73.60|73.60|92.20|98.20|98.20|98.20
8.10|0|0|0|0|0|0|1|2|2|3|3|3|4|25.7|54.4|58.20|61.50|63.20|65.90|71.10|71.10|71.10|81.70|81.70|100.30|106.30|106.30
13.80|0|0|0|0|0|0|0|1|2|2|3|3|3|21.9|39.5|68.20|72.00|75.30|77.00|79.70|84.90|84.90|84.90|95.50|95.50|114.10|120.10
0.10|0|0|0|0|0|0|0|0|1|2|2|3|3|13.9|22|39.60|68.30|72.10|75.40|77.10|79.80|85.00|85.00|85.00|95.60|95.60|114.20
0.10|0|0|0|0|0|0|0|0|0|1|2|2|3|0.2|14|22.10|39.70|68.40|72.20|75.50|77.20|79.90|85.10|85.10|85.10|95.70|95.70
0.40|0|0|0|0|0|0|0|0|0|0|1|2|2|0.5|0.6|14.40|22.50|40.10|68.80|72.60|75.90|77.60|80.30|85.50|85.50|85.50|96.10
0.10|0|0|0|0|0|0|0|0|0|0|0|1|2|0.5|0.6|0.70|14.50|22.60|40.20|68.90|72.70|76.00|77.70|80.40|85.60|85.60|85.60
8.20|0|0|0|0|0|0|0|0|0|0|0|0|1|8.3|8.7|8.80|8.90|22.70|30.80|48.40|77.10|80.90|84.20|85.90|88.60|93.80|93.80
28.50|0|0|0|0|0|0|0|0|0|0|0|0|0|36.7|36.8|37.20|37.30|37.40|51.20|59.30|76.90|105.60|109.40|112.70|114.40|117.10|122.30
23.00|0|0|0|0|0|0|0|0|0|0|0|0|0|51.5|59.7|59.80|60.20|60.30|60.40|74.20|82.30|99.90|128.60|132.40|135.70|137.40|140.10
42.90|0|0|0|0|0|0|0|0|0|0|0|0|0|65.9|94.4|102.60|102.70|103.10|103.20|103.30|117.10|125.20|142.80|171.50|175.30|178.60|180.30
25.40|0|0|0|0|0|0|0|0|0|0|0|0|0|68.3|91.3|119.80|128.00|128.10|128.50|128.60|128.70|142.50|150.60|168.20|196.90|200.70|204.00
0.80|0|0|0|0|0|0|0|0|0|0|0|0|0|26.2|69.1|92.10|120.60|128.80|128.90|129.30|129.40|129.50|143.30|151.40|169.00|197.70|201.50
11.90|0|0|0|0|0|0|0|0|0|0|0|0|0|12.7|38.1|81.00|104.00|132.50|140.70|140.80|141.20|141.30|141.40|155.20|163.30|180.90|209.60
0.10|0|0|0|0|0|0|0|0|0|0|0|0|0|12|12.8|38.20|81.10|104.10|132.60|140.80|140.90|141.30|141.40|141.50|155.30|163.40|181.00
0.00|1|1|1|1|1|1|1|1|1|1|1|1|1|0.1|12|12.80|38.20|81.10|104.10|132.60|140.80|140.90|141.30|141.40|141.50|155.30|163.40
5.10|1|1|1|1|1|1|1|1|1|1|1|1|1|5.1|5.2|17.10|17.90|43.30|86.20|109.20|137.70|145.90|146.00|146.40|146.50|146.60|160.40
55.50|1|1|1|1|1|1|1|1|1|1|1|1|1|60.6|60.6|60.70|72.60|73.40|98.80|141.70|164.70|193.20|201.40|201.50|201.90|202.00|202.10
5.10|0|1|1|1|1|1|1|1|1|1|1|1|1|60.6|65.7|65.70|65.80|77.70|78.50|103.90|146.80|169.80|198.30|206.50|206.60|207.00|207.10
25.50|0|0|1|1|1|1|1|1|1|1|1|1|1|30.6|86.1|91.20|91.20|91.30|103.20|104.00|129.40|172.30|195.30|223.80|232.00|232.10|232.50
4.00|0|0|0|1|1|1|1|1|1|1|1|1|1|29.5|34.6|90.10|95.20|95.20|95.30|107.20|108.00|133.40|176.30|199.30|227.80|236.00|236.10
10.90|0|0|0|0|1|1|1|1|1|1|1|1|1|14.9|40.4|45.50|101.00|106.10|106.10|106.20|118.10|118.90|144.30|187.20|210.20|238.70|246.90
21.90|0|0|0|0|0|1|1|1|1|1|1|1|1|32.8|36.8|62.30|67.40|122.90|128.00|128.00|128.10|140.00|140.80|166.20|209.10|232.10|260.60
7.10|0|0|0|0|0|0|1|1|1|1|1|1|1|29|39.9|43.90|69.40|74.50|130.00|135.10|135.10|135.20|147.10|147.90|173.30|216.20|239.20
7.00|0|0|0|0|0|0|0|1|1|1|1|1|1|14.1|36|46.90|50.90|76.40|81.50|137.00|142.10|142.10|142.20|154.10|154.90|180.30|223.20
3.40|0|0|0|0|0|0|0|0|1|1|1|1|1|10.4|17.5|39.40|50.30|54.30|79.80|84.90|140.40|145.50|145.50|145.60|157.50|158.30|183.70
44.40|0|0|0|0|0|0|0|0|0|1|1|1|1|47.8|54.8|61.90|83.80|94.70|98.70|124.20|129.30|184.80|189.90|189.90|190.00|201.90|202.70
8.20|0|0|0|0|0|0|0|0|0|0|1|1|1|52.6|56|63.00|70.10|92.00|102.90|106.90|132.40|137.50|193.00|198.10|198.10|198.20|210.10
0.00|1|1|1|1|1|1|1|1|1|1|1|2|2|8.2|52.6|56.00|63.00|70.10|92.00|102.90|106.90|132.40|137.50|193.00|198.10|198.10|198.20
0.00|2|2|2|2|2|2|2|2|2|2|2|2|3|0|8.2|52.60|56.00|63.00|70.10|92.00|102.90|106.90|132.40|137.50|193.00|198.10|198.10
14.80|2|2|2|2|2|2|2|2|2|2|2|2|2|14.8|14.8|23.00|67.40|70.80|77.80|84.90|106.80|117.70|121.70|147.20|152.30|207.80|212.90
12.40|1|2|2|2|2|2|2|2|2|2|2|2|2|27.2|27.2|27.20|35.40|79.80|83.20|90.20|97.30|119.20|130.10|134.10|159.60|164.70|220.20
7.90|0|1|2|2|2|2|2|2|2|2|2|2|2|20.3|35.1|35.10|35.10|43.30|87.70|91.10|98.10|105.20|127.10|138.00|142.00|167.50|172.60
17.30|0|0|1|2|2|2|2|2|2|2|2|2|2|25.2|37.6|52.40|52.40|52.40|60.60|105.00|108.40|115.40|122.50|144.40|155.30|159.30|184.80
9.10|0|0|0|1|2|2|2|2|2|2|2|2|2|26.4|34.3|46.70|61.50|61.50|61.50|69.70|114.10|117.50|124.50|131.60|153.50|164.40|168.40
2.50|0|0|0|0|1|2|2|2|2|2|2|2|2|11.6|28.9|36.80|49.20|64.00|64.00|64.00|72.20|116.60|120.00|127.00|134.10|156.00|166.90
0.20|0|0|0|0|0|1|2|2|2|2|2|2|2|2.7|11.8|29.10|37.00|49.40|64.20|64.20|64.20|72.40|116.80|120.20|127.20|134.30|156.20
0.00|1|1|1|1|1|1|2|3|3|3|3|3|3|0.2|2.7|11.80|29.10|37.00|49.40|64.20|64.20|64.20|72.40|116.80|120.20|127.20|134.30
0.00|2|2|2|2|2|2|2|3|4|4|4|4|4|0|0.2|2.70|11.80|29.10|37.00|49.40|64.20|64.20|64.20|72.40|116.80|120.20|127.20
0.00|3|3|3|3|3|3|3|3|4|5|5|5|5|0|0|0.20|2.70|11.80|29.10|37.00|49.40|64.20|64.20|64.20|72.40|116.80|120.20
1.00|2|3|3|3|3|3|3|3|3|4|5|5|5|1|1|1.00|1.20|3.70|12.80|30.10|38.00|50.40|65.20|65.20|65.20|73.40|117.80
23.10|1|2|3|3|3|3|3|3|3|3|4|5|5|24.1|24.1|24.10|24.10|24.30|26.80|35.90|53.20|61.10|73.50|88.30|88.30|88.30|96.50
7.90|0|1|2|3|3|3|3|3|3|3|3|4|5|31|32|32.00|32.00|32.00|32.20|34.70|43.80|61.10|69.00|81.40|96.20|96.20|96.20
0.60|0|0|1|2|3|3|3|3|3|3|3|3|4|8.5|31.6|32.60|32.60|32.60|32.60|32.80|35.30|44.40|61.70|69.60|82.00|96.80|96.80
0.00|1|1|1|2|3|4|4|4|4|4|4|4|4|0.6|8.5|31.60|32.60|32.60|32.60|32.60|32.80|35.30|44.40|61.70|69.60|82.00|96.80
1.70|1|1|1|1|2|3|4|4|4|4|4|4|4|1.7|2.3|10.20|33.30|34.30|34.30|34.30|34.30|34.50|37.00|46.10|63.40|71.30|83.70
5.70|1|1|1|1|1|2|3|4|4|4|4|4|4|7.4|7.4|8.00|15.90|39.00|40.00|40.00|40.00|40.00|40.20|42.70|51.80|69.10|77.00
0.00|1|2|2|2|2|2|3|4|5|5|5|5|5|5.7|7.4|7.40|8.00|15.90|39.00|40.00|40.00|40.00|40.00|40.20|42.70|51.80|69.10
11.00|1|1|2|2|2|2|2|3|4|5|5|5|5|11|16.7|18.40|18.40|19.00|26.90|50.00|51.00|51.00|51.00|51.00|51.20|53.70|62.80
0.00|2|2|2|3|3|3|3|3|4|5|6|6|6|11|11|16.70|18.40|18.40|19.00|26.90|50.00|51.00|51.00|51.00|51.00|51.20|53.70
0.00|2|3|3|3|4|4|4|4|4|5|6|7|7|0|11|11.00|16.70|18.40|18.40|19.00|26.90|50.00|51.00|51.00|51.00|51.00|51.20
1.10|2|2|3|3|3|4|4|4|4|4|5|6|7|1.1|1.1|12.10|12.10|17.80|19.50|19.50|20.10|28.00|51.10|52.10|52.10|52.10|52.10
4.50|1|2|2|3|3|3|4|4|4|4|4|5|6|5.6|5.6|5.60|16.60|16.60|22.30|24.00|24.00|24.60|32.50|55.60|56.60|56.60|56.60
0.00|1|2|3|3|4|4|4|5|5|5|5|5|6|4.5|5.6|5.60|5.60|16.60|16.60|22.30|24.00|24.00|24.60|32.50|55.60|56.60|56.60
4.70|1|1|2|3|3|4|4|4|5|5|5|5|5|4.7|9.2|10.30|10.30|10.30|21.30|21.30|27.00|28.70|28.70|29.30|37.20|60.30|61.30
1.10|1|1|1|2|3|3|4|4|4|5|5|5|5|5.8|5.8|10.30|11.40|11.40|11.40|22.40|22.40|28.10|29.80|29.80|30.40|38.30|61.40
0.00|1|2|2|2|3|4|4|5|5|5|6|6|6|1.1|5.8|5.80|10.30|11.40|11.40|11.40|22.40|22.40|28.10|29.80|29.80|30.40|38.30
0.80|1|1|2|2|2|3|4|4|5|5|5|6|6|0.8|1.9|6.60|6.60|11.10|12.20|12.20|12.20|23.20|23.20|28.90|30.60|30.60|31.20
13.30|1|1|1|2|2|2|3|4|4|5|5|5|6|14.1|14.1|15.20|19.90|19.90|24.40|25.50|25.50|25.50|36.50|36.50|42.20|43.90|43.90
1.90|0|1|1|1|2|2|2|3|4|4|5|5|5|15.2|16|16.00|17.10|21.80|21.80|26.30|27.40|27.40|27.40|38.40|38.40|44.10|45.80
28.40|0|0|1|1|1|2|2|2|3|4|4|5|5|30.3|43.6|44.40|44.40|45.50|50.20|50.20|54.70|55.80|55.80|55.80|66.80|66.80|72.50
0.50|0|0|0|1|1|1|2|2|2|3|4|4|5|28.9|30.8|44.10|44.90|44.90|46.00|50.70|50.70|55.20|56.30|56.30|56.30|67.30|67.30
13.20|0|0|0|0|1|1|1|2|2|2|3|4|4|13.7|42.1|44.00|57.30|58.10|58.10|59.20|63.90|63.90|68.40|69.50|69.50|69.50|80.50
3.30|0|0|0|0|0|1|1|1|2|2|2|3|4|16.5|17|45.40|47.30|60.60|61.40|61.40|62.50|67.20|67.20|71.70|72.80|72.80|72.80
0.20|0|0|0|0|0|0|1|1|1|2|2|2|3|3.5|16.7|17.20|45.60|47.50|60.80|61.60|61.60|62.70|67.40|67.40|71.90|73.00|73.00
28.40|0|0|0|0|0|0|0|1|1|1|2|2|2|28.6|31.9|45.10|45.60|74.00|75.90|89.20|90.00|90.00|91.10|95.80|95.80|100.30|101.40
43.20|0|0|0|0|0|0|0|0|1|1|1|2|2|71.6|71.8|75.10|88.30|88.80|117.20|119.10|132.40|133.20|133.20|134.30|139.00|139.00|143.50
20.90|0|0|0|0|0|0|0|0|0|1|1|1|2|64.1|92.5|92.70|96.00|109.20|109.70|138.10|140.00|153.30|154.10|154.10|155.20|159.90|159.90
19.20|0|0|0|0|0|0|0|0|0|0|1|1|1|40.1|83.3|111.70|111.90|115.20|128.40|128.90|157.30|159.20|172.50|173.30|173.30|174.40|179.10
29.80|0|0|0|0|0|0|0|0|0|0|0|1|1|49|69.9|113.10|141.50|141.70|145.00|158.20|158.70|187.10|189.00|202.30|203.10|203.10|204.20
18.50|0|0|0|0|0|0|0|0|0|0|0|0|1|48.3|67.5|88.40|131.60|160.00|160.20|163.50|176.70|177.20|205.60|207.50|220.80|221.60|221.60
9.40|0|0|0|0|0|0|0|0|0|0|0|0|0|27.9|57.7|76.90|97.80|141.00|169.40|169.60|172.90|186.10|186.60|215.00|216.90|230.20|231.00
17.10|0|0|0|0|0|0|0|0|0|0|0|0|0|26.5|45|74.80|94.00|114.90|158.10|186.50|186.70|190.00|203.20|203.70|232.10|234.00|247.30
0.00|1|1|1|1|1|1|1|1|1|1|1|1|1|17.1|26.5|45.00|74.80|94.00|114.90|158.10|186.50|186.70|190.00|203.20|203.70|232.10|234.00
3.00|1|1|1|1|1|1|1|1|1|1|1|1|1|3|20.1|29.50|48.00|77.80|97.00|117.90|161.10|189.50|189.70|193.00|206.20|206.70|235.10
20.10|1|1|1|1|1|1|1|1|1|1|1|1|1|23.1|23.1|40.20|49.60|68.10|97.90|117.10|138.00|181.20|209.60|209.80|213.10|226.30|226.80
2.70|0|1|1|1|1|1|1|1|1|1|1|1|1|22.8|25.8|25.80|42.90|52.30|70.80|100.60|119.80|140.70|183.90|212.30|212.50|215.80|229.00
23.00|0|0|1|1|1|1|1|1|1|1|1|1|1|25.7|45.8|48.80|48.80|65.90|75.30|93.80|123.60|142.80|163.70|206.90|235.30|235.50|238.80
11.80|0|0|0|1|1|1|1|1|1|1|1|1|1|34.8|37.5|57.60|60.60|60.60|77.70|87.10|105.60|135.40|154.60|175.50|218.70|247.10|247.30
0.10|0|0|0|0|1|1|1|1|1|1|1|1|1|11.9|34.9|37.60|57.70|60.70|60.70|77.80|87.20|105.70|135.50|154.70|175.60|218.80|247.20
0.00|1|1|1|1|1|2|2|2|2|2|2|2|2|0.1|11.9|34.90|37.60|57.70|60.70|60.70|77.80|87.20|105.70|135.50|154.70|175.60|218.80
0.00|2|2|2|2|2|2|3|3|3|3|3|3|3|0|0.1|11.90|34.90|37.60|57.70|60.70|60.70|77.80|87.20|105.70|135.50|154.70|175.60
0.10|2|2|2|2|2|2|2|3|3|3|3|3|3|0.1|0.1|0.20|12.00|35.00|37.70|57.80|60.80|60.80|77.90|87.30|105.80|135.60|154.80
0.30|1|2|2|2|2|2|2|2|3|3|3|3|3|0.4|0.4|0.40|0.50|12.30|35.30|38.00|58.10|61.10|61.10|78.20|87.60|106.10|135.90
1.80|0|1|2|2|2|2|2|2|2|3|3|3|3|2.1|2.2|2.20|2.20|2.30|14.10|37.10|39.80|59.90|62.90|62.90|80.00|89.40|107.90
0.40|0|0|1|2|2|2|2|2|2|2|3|3|3|2.2|2.5|2.60|2.60|2.60|2.70|14.50|37.50|40.20|60.30|63.30|63.30|80.40|89.80
26.80|0|0|0|1|2|2|2|2|2|2|2|3|3|27.2|29|29.30|29.40|29.40|29.40|29.50|41.30|64.30|67.00|87.10|90.10|90.10|107.20
1.60|0|0|0|0|1|2|2|2|2|2|2|2|3|28.4|28.8|30.60|30.90|31.00|31.00|31.00|31.10|42.90|65.90|68.60|88.70|91.70|91.70
0.00|1|1|1|1|1|2|3|3|3|3|3|3|3|1.6|28.4|28.80|30.60|30.90|31.00|31.00|31.00|31.10|42.90|65.90|68.60|88.70|91.70
0.00|2|2|2|2|2|2|3|4|4|4|4|4|4|0|1.6|28.40|28.80|30.60|30.90|31.00|31.00|31.00|31.10|42.90|65.90|68.60|88.70
2.60|2|2|2|2|2|2|2|3|4|4|4|4|4|2.6|2.6|4.20|31.00|31.40|33.20|33.50|33.60|33.60|33.60|33.70|45.50|68.50|71.20
0.10|1|2|2|2|2|2|2|2|3|4|4|4|4|2.7|2.7|2.70|4.30|31.10|31.50|33.30|33.60|33.70|33.70|33.70|33.80|45.60|68.60
0.10|0|1|2|2|2|2|2|2|2|3|4|4|4|0.2|2.8|2.80|2.80|4.40|31.20|31.60|33.40|33.70|33.80|33.80|33.80|33.90|45.70
0.00|1|1|2|3|3|3|3|3|3|3|4|5|5|0.1|0.2|2.80|2.80|2.80|4.40|31.20|31.60|33.40|33.70|33.80|33.80|33.80|33.90
0.20|1|1|1|2|3|3|3|3|3|3|3|4|5|0.2|0.3|0.40|3.00|3.00|3.00|4.60|31.40|31.80|33.60|33.90|34.00|34.00|34.00
2.60|1|1|1|1|2|3|3|3|3|3|3|3|4|2.8|2.8|2.90|3.00|5.60|5.60|5.60|7.20|34.00|34.40|36.20|36.50|36.60|36.60
0.00|1|2|2|2|2|3|4|4|4|4|4|4|4|2.6|2.8|2.80|2.90|3.00|5.60|5.60|5.60|7.20|34.00|34.40|36.20|36.50|36.60
0.80|1|1|2|2|2|2|3|4|4|4|4|4|4|0.8|3.4|3.60|3.60|3.70|3.80|6.40|6.40|6.40|8.00|34.80|35.20|37.00|37.30
13.60|1|1|1|2|2|2|2|3|4|4|4|4|4|14.4|14.4|17.00|17.20|17.20|17.30|17.40|20.00|20.00|20.00|21.60|48.40|48.80|50.60
13.30|0|1|1|1|2|2|2|2|3|4|4|4|4|26.9|27.7|27.70|30.30|30.50|30.50|30.60|30.70|33.30|33.30|33.30|34.90|61.70|62.10
29.90|0|0|1|1|1|2|2|2|2|3|4|4|4|43.2|56.8|57.60|57.60|60.20|60.40|60.40|60.50|60.60|63.20|63.20|63.20|64.80|91.60
18.50|0|0|0|1|1|1|2|2|2|2|3|4|4|48.4|61.7|75.30|76.10|76.10|78.70|78.90|78.90|79.00|79.10|81.70|81.70|81.70|83.30
0.00|1|1|1|1|2|2|2|3|3|3|3|4|5|18.5|48.4|61.70|75.30|76.10|76.10|78.70|78.90|78.90|79.00|79.10|81.70|81.70|81.70
0.50|1|1|1|1|1|2|2|2|3|3|3|3|4|0.5|19|48.90|62.20|75.80|76.60|76.60|79.20|79.40|79.40|79.50|79.60|82.20|82.20
12.80|1|1|1|1|1|1|2|2|2|3|3|3|3|13.3|13.3|31.80|61.70|75.00|88.60|89.40|89.40|92.00|92.20|92.20|92.30|92.40|95.00
0.00|1|2|2|2|2|2|2|3|3|3|4|4|4|12.8|13.3|13.30|31.80|61.70|75.00|88.60|89.40|89.40|92.00|92.20|92.20|92.30|92.40
1.70|1|1|2|2|2|2|2|2|3|3|3|4|4|1.7|14.5|15.00|15.00|33.50|63.40|76.70|90.30|91.10|91.10|93.70|93.90|93.90|94.00
18.00|1|1|1|2|2|2|2|2|2|3|3|3|4|19.7|19.7|32.50|33.00|33.00|51.50|81.40|94.70|108.30|109.10|109.10|111.70|111.90|111.90
6.20|0|1|1|1|2|2|2|2|2|2|3|3|3|24.2|25.9|25.90|38.70|39.20|39.20|57.70|87.60|100.90|114.50|115.30|115.30|117.90|118.10
1.00|0|0|1|1|1|2|2|2|2|2|2|3|3|7.2|25.2|26.90|26.90|39.70|40.20|40.20|58.70|88.60|101.90|115.50|116.30|116.30|118.90
0.00|1|1|1|2|2|2|3|3|3|3|3|3|4|1|7.2|25.20|26.90|26.90|39.70|40.20|40.20|58.70|88.60|101.90|115.50|116.30|116.30
1.50|1|1|1|1|2|2|2|3|3|3|3|3|3|1.5|2.5|8.70|26.70|28.40|28.40|41.20|41.70|41.70|60.20|90.10|103.40|117.00|117.80
10.30|1|1|1|1|1|2|2|2|3|3|3|3|3|11.8|11.8|12.80|19.00|37.00|38.70|38.70|51.50|52.00|52.00|70.50|100.40|113.70|127.30
25.80|0|1|1|1|1|1|2|2|2|3|3|3|3|36.1|37.6|37.60|38.60|44.80|62.80|64.50|64.50|77.30|77.80|77.80|96.30|126.20|139.50
5.50|0|0|1|1|1|1|1|2|2|2|3|3|3|31.3|41.6|43.10|43.10|44.10|50.30|68.30|70.00|70.00|82.80|83.30|83.30|101.80|131.70
7.40|0|0|0|1|1|1|1|1|2|2|2|3|3|12.9|38.7|49.00|50.50|50.50|51.50|57.70|75.70|77.40|77.40|90.20|90.70|90.70|109.20
0.00|1|1|1|1|2|2|2|2|2|3|3|3|4|7.4|12.9|38.70|49.00|50.50|50.50|51.50|57.70|75.70|77.40|77.40|90.20|90.70|90.70
0.00|2|2|2|2|2|3|3|3|3|3|4|4|4|0|7.4|12.90|38.70|49.00|50.50|50.50|51.50|57.70|75.70|77.40|77.40|90.20|90.70
0.00|3|3|3|3|3|3|4|4|4|4|4|5|5|0|0|7.40|12.90|38.70|49.00|50.50|50.50|51.50|57.70|75.70|77.40|77.40|90.20
0.10|2|3|3|3|3|3|3|4|4|4|4|4|5|0.1|0.1|0.10|7.50|13.00|38.80|49.10|50.60|50.60|51.60|57.80|75.80|77.50|77.50
3.20|1|2|3|3|3|3|3|3|4|4|4|4|4|3.3|3.3|3.30|3.30|10.70|16.20|42.00|52.30|53.80|53.80|54.80|61.00|79.00|80.70
0.80|0|1|2|3|3|3|3|3|3|4|4|4|4|4|4.1|4.10|4.10|4.10|11.50|17.00|42.80|53.10|54.60|54.60|55.60|61.80|79.80
0.00|1|1|2|3|4|4|4|4|4|4|5|5|5|0.8|4|4.10|4.10|4.10|4.10|11.50|17.00|42.80|53.10|54.60|54.60|55.60|61.80
1.80|1|1|1|2|3|4|4|4|4|4|4|5|5|1.8|2.6|5.80|5.90|5.90|5.90|5.90|13.30|18.80|44.60|54.90|56.40|56.40|57.40
2.70|1|1|1|1|2|3|4|4|4|4|4|4|5|4.5|4.5|5.30|8.50|8.60|8.60|8.60|8.60|16.00|21.50|47.30|57.60|59.10|59.10
9.50|0|1|1|1|1|2|3|4|4|4|4|4|4|12.2|14|14.00|14.80|18.00|18.10|18.10|18.10|18.10|25.50|31.00|56.80|67.10|68.60
3.90|0|0|1|1|1|1|2|3|4|4|4|4|4|13.4|16.1|17.90|17.90|18.70|21.90|22.00|22.00|22.00|22.00|29.40|34.90|60.70|71.00
0.00|1|1|1|2|2|2|2|3|4|5|5|5|5|3.9|13.4|16.10|17.90|17.90|18.70|21.90|22.00|22.00|22.00|22.00|29.40|34.90|60.70
0.30|1|1|1|1|2|2|2|2|3|4|5|5|5|0.3|4.2|13.70|16.40|18.20|18.20|19.00|22.20|22.30|22.30|22.30|22.30|29.70|35.20
0.00|2|2|2|2|2|3|3|3|3|4|5|6|6|0.3|0.3|4.20|13.70|16.40|18.20|18.20|19.00|22.20|22.30|22.30|22.30|22.30|29.70
0.00|2|3|3|3|3|3|4|4|4|4|5|6|7|0|0.3|0.30|4.20|13.70|16.40|18.20|18.20|19.00|22.20|22.30|22.30|22.30|22.30
0.00|3|3|4|4|4|4|4|5|5|5|5|6|7|0|0|0.30|0.30|4.20|13.70|16.40|18.20|18.20|19.00|22.20|22.30|22.30|22.30
0.00|3|4|4|5|5|5|5|5|6|6|6|6|7|0|0|0.00|0.30|0.30|4.20|13.70|16.40|18.20|18.20|19.00|22.20|22.30|22.30
0.00|3|4|5|5|6|6|6|6|6|7|7|7|7|0|0|0.00|0.00|0.30|0.30|4.20|13.70|16.40|18.20|18.20|19.00|22.20|22.30
0.00|3|4|5|6|6|7|7|7|7|7|8|8|8|0|0|0.00|0.00|0.00|0.30|0.30|4.20|13.70|16.40|18.20|18.20|19.00|22.20
0.00|3|4|5|6|7|7|8|8|8|8|8|9|9|0|0|0.00|0.00|0.00|0.00|0.30|0.30|4.20|13.70|16.40|18.20|18.20|19.00
0.00|3|4|5|6|7|8|8|9|9|9|9|9|10|0|0|0.00|0.00|0.00|0.00|0.00|0.30|0.30|4.20|13.70|16.40|18.20|18.20
0.00|3|4|5|6|7|8|9|9|10|10|10|10|10|0|0|0.00|0.00|0.00|0.00|0.00|0.00|0.30|0.30|4.20|13.70|16.40|18.20
5.10|2|3|4|5|6|7|8|9|9|10|10|10|10|5.1|5.1|5.10|5.10|5.10|5.10|5.10|5.10|5.10|5.40|5.40|9.30|18.80|21.50
3.60|1|2|3|4|5|6|7|8|9|9|10|10|10|8.7|8.7|8.70|8.70|8.70|8.70|8.70|8.70|8.70|8.70|9.00|9.00|12.90|22.40
0.10|0|1|2|3|4|5|6|7|8|9|9|10|10|3.7|8.8|8.80|8.80|8.80|8.80|8.80|8.80|8.80|8.80|8.80|9.10|9.10|13.00
0.00|1|1|2|3|4|5|6|7|8|9|10|10|11|0.1|3.7|8.80|8.80|8.80|8.80|8.80|8.80|8.80|8.80|8.80|8.80|9.10|9.10
0.00|2|2|2|3|4|5|6|7|8|9|10|11|11|0|0.1|3.70|8.80|8.80|8.80|8.80|8.80|8.80|8.80|8.80|8.80|8.80|9.10
0.30|2|2|2|2|3|4|5|6|7|8|9|10|11|0.3|0.3|0.40|4.00|9.10|9.10|9.10|9.10|9.10|9.10|9.10|9.10|9.10|9.10
0.00|2|3|3|3|3|4|5|6|7|8|9|10|11|0.3|0.3|0.30|0.40|4.00|9.10|9.10|9.10|9.10|9.10|9.10|9.10|9.10|9.10
1.50|1|2|3|3|3|3|4|5|6|7|8|9|10|1.5|1.8|1.80|1.80|1.90|5.50|10.60|10.60|10.60|10.60|10.60|10.60|10.60|10.60
0.10|1|1|2|3|3|3|3|4|5|6|7|8|9|1.6|1.6|1.90|1.90|1.90|2.00|5.60|10.70|10.70|10.70|10.70|10.70|10.70|10.70
0.20|0|1|1|2|3|3|3|3|4|5|6|7|8|0.3|1.8|1.80|2.10|2.10|2.10|2.20|5.80|10.90|10.90|10.90|10.90|10.90|10.90
0.70|0|0|1|1|2|3|3|3|3|4|5|6|7|0.9|1|2.50|2.50|2.80|2.80|2.80|2.90|6.50|11.60|11.60|11.60|11.60|11.60
0.00|1|1|1|2|2|3|4|4|4|4|5|6|7|0.7|0.9|1.00|2.50|2.50|2.80|2.80|2.80|2.90|6.50|11.60|11.60|11.60|11.60
0.00|2|2|2|2|3|3|4|5|5|5|5|6|7|0|0.7|0.90|1.00|2.50|2.50|2.80|2.80|2.80|2.90|6.50|11.60|11.60|11.60
0.00|3|3|3|3|3|4|4|5|6|6|6|6|7|0|0|0.70|0.90|1.00|2.50|2.50|2.80|2.80|2.80|2.90|6.50|11.60|11.60
0.00|3|4|4|4|4|4|5|5|6|7|7|7|7|0|0|0.00|0.70|0.90|1.00|2.50|2.50|2.80|2.80|2.80|2.90|6.50|11.60
0.30|2|3|4|4|4|4|4|5|5|6|7|7|7|0.3|0.3|0.30|0.30|1.00|1.20|1.30|2.80|2.80|3.10|3.10|3.10|3.20|6.80
0.10|1|2|3|4|4|4|4|4|5|5|6|7|7|0.4|0.4|0.40|0.40|0.40|1.10|1.30|1.40|2.90|2.90|3.20|3.20|3.20|3.30
0.60|0|1|2|3|4|4|4|4|4|5|5|6|7|0.7|1|1.00|1.00|1.00|1.00|1.70|1.90|2.00|3.50|3.50|3.80|3.80|3.80
0.10|0|0|1|2|3|4|4|4|4|4|5|5|6|0.7|0.8|1.10|1.10|1.10|1.10|1.10|1.80|2.00|2.10|3.60|3.60|3.90|3.90
11.20|0|0|0|1|2|3|4|4|4|4|4|5|5|11.3|11.9|12.00|12.30|12.30|12.30|12.30|12.30|13.00|13.20|13.30|14.80|14.80|15.10
0.00|1|1|1|1|2|3|4|5|5|5|5|5|6|11.2|11.3|11.90|12.00|12.30|12.30|12.30|12.30|12.30|13.00|13.20|13.30|14.80|14.80
0.20|1|1|1|1|1|2|3|4|5|5|5|5|5|0.2|11.4|11.50|12.10|12.20|12.50|12.50|12.50|12.50|12.50|13.20|13.40|13.50|15.00
0.00|2|2|2|2|2|2|3|4|5|6|6|6|6|0.2|0.2|11.40|11.50|12.10|12.20|12.50|12.50|12.50|12.50|12.50|13.20|13.40|13.50
0.00|2|3|3|3|3|3|3|4|5|6|7|7|7|0|0.2|0.20|11.40|11.50|12.10|12.20|12.50|12.50|12.50|12.50|12.50|13.20|13.40
0.00|3|3|4|4|4|4|4|4|5|6|7|8|8|0|0|0.20|0.20|11.40|11.50|12.10|12.20|12.50|12.50|12.50|12.50|12.50|13.20
0.00|3|4|4|5|5|5|5|5|5|6|7|8|9|0|0|0.00|0.20|0.20|11.40|11.50|12.10|12.20|12.50|12.50|12.50|12.50|12.50
0.00|3|4|5|5|6|6|6|6|6|6|7|8|9|0|0|0.00|0.00|0.20|0.20|11.40|11.50|12.10|12.20|12.50|12.50|12.50|12.50
0.00|3|4|5|6|6|7|7|7|7|7|7|8|9|0|0|0.00|0.00|0.00|0.20|0.20|11.40|11.50|12.10|12.20|12.50|12.50|12.50
0.00|3|4|5|6|7|7|8|8|8|8|8|8|9|0|0|0.00|0.00|0.00|0.00|0.20|0.20|11.40|11.50|12.10|12.20|12.50|12.50
0.00|3|4|5|6|7|8|8|9|9|9|9|9|9|0|0|0.00|0.00|0.00|0.00|0.00|0.20|0.20|11.40|11.50|12.10|12.20|12.50
0.00|3|4|5|6|7|8|9|9|10|10|10|10|10|0|0|0.00|0.00|0.00|0.00|0.00|0.00|0.20|0.20|11.40|11.50|12.10|12.20
0.00|3|4|5|6|7|8|9|10|10|11|11|11|11|0|0|0.00|0.00|0.00|0.00|0.00|0.00|0.00|0.20|0.20|11.40|11.50|12.10
0.00|3|4|5|6|7|8|9|10|11|11|12|12|12|0|0|0.00|0.00|0.00|0.00|0.00|0.00|0.00|0.00|0.20|0.20|11.40|11.50
0.00|3|4|5|6|7|8|9|10|11|12|12|13|13|0|0|0.00|0.00|0.00|0.00|0.00|0.00|0.00|0.00|0.00|0.20|0.20|11.40
0.00|3|4|5|6|7|8|9|10|11|12|13|13|14|0|0|0.00|0.00|0.00|0.00|0.00|0.00|0.00|0.00|0.00|0.00|0.20|0.20
0.00|3|4|5|6|7|8|9|10|11|12|13|14|14|0|0|0.00|0.00|0.00|0.00|0.00|0.00|0.00|0.00|0.00|0.00|0.00|0.20
3.60|2|3|4|5|6|7|8|9|10|11|12|13|14|3.6|3.6|3.60|3.60|3.60|3.60|3.60|3.60|3.60|3.60|3.60|3.60|3.60|3.60
1.00|1|2|3|4|5|6|7|8|9|10|11|12|13|4.6|4.6|4.60|4.60|4.60|4.60|4.60|4.60|4.60|4.60|4.60|4.60|4.60|4.60
1.20|0|1|2|3|4|5|6|7|8|9|10|11|12|2.2|5.8|5.80|5.80|5.80|5.80|5.80|5.80|5.80|5.80|5.80|5.80|5.80|5.80
1.70|0|0|1|2|3|4|5|6|7|8|9|10|11|2.9|3.9|7.50|7.50|7.50|7.50|7.50|7.50|7.50|7.50|7.50|7.50|7.50|7.50
0.10|0|0|0|1|2|3|4|5|6|7|8|9|10|1.8|3|4.00|7.60|7.60|7.60|7.60|7.60|7.60|7.60|7.60|7.60|7.60|7.60
0.00|1|1|1|1|2|3|4|5|6|7|8|9|10|0.1|1.8|3.00|4.00|7.60|7.60|7.60|7.60|7.60|7.60|7.60|7.60|7.60|7.60
0.00|2|2|2|2|2|3|4|5|6|7|8|9|10|0|0.1|1.80|3.00|4.00|7.60|7.60|7.60|7.60|7.60|7.60|7.60|7.60|7.60
8.10|2|2|2|2|2|2|3|4|5|6|7|8|9|8.1|8.1|8.20|9.90|11.10|12.10|15.70|15.70|15.70|15.70|15.70|15.70|15.70|15.70
0.00|2|3|3|3|3|3|3|4|5|6|7|8|9|8.1|8.1|8.10|8.20|9.90|11.10|12.10|15.70|15.70|15.70|15.70|15.70|15.70|15.70
0.00|2|3|4|4|4|4|4|4|5|6|7|8|9|0|8.1|8.10|8.10|8.20|9.90|11.10|12.10|15.70|15.70|15.70|15.70|15.70|15.70
21.60|2|2|3|4|4|4|4|4|4|5|6|7|8|21.6|21.6|29.70|29.70|29.70|29.80|31.50|32.70|33.70|37.30|37.30|37.30|37.30|37.30
14.70|1|2|2|3|4|4|4|4|4|4|5|6|7|36.3|36.3|36.30|44.40|44.40|44.40|44.50|46.20|47.40|48.40|52.00|52.00|52.00|52.00
4.50|0|1|2|2|3|4|4|4|4|4|4|5|6|19.2|40.8|40.80|40.80|48.90|48.90|48.90|49.00|50.70|51.90|52.90|56.50|56.50|56.50
0.10|0|0|1|2|2|3|4|4|4|4|4|4|5|4.6|19.3|40.90|40.90|40.90|49.00|49.00|49.00|49.10|50.80|52.00|53.00|56.60|56.60
0.30|0|0|0|1|2|2|3|4|4|4|4|4|4|0.4|4.9|19.60|41.20|41.20|41.20|49.30|49.30|49.30|49.40|51.10|52.30|53.30|56.90
0.20|0|0|0|0|1|2|2|3|4|4|4|4|4|0.5|0.6|5.10|19.80|41.40|41.40|41.40|49.50|49.50|49.50|49.60|51.30|52.50|53.50
0.10|0|0|0|0|0|1|2|2|3|4|4|4|4|0.3|0.6|0.70|5.20|19.90|41.50|41.50|41.50|49.60|49.60|49.60|49.70|51.40|52.60
0.50|0|0|0|0|0|0|1|2|2|3|4|4|4|0.6|0.8|1.10|1.20|5.70|20.40|42.00|42.00|42.00|50.10|50.10|50.10|50.20|51.90
20.30|0|0|0|0|0|0|0|1|2|2|3|4|4|20.8|20.9|21.10|21.40|21.50|26.00|40.70|62.30|62.30|62.30|70.40|70.40|70.40|70.50
0.00|1|1|1|1|1|1|1|1|2|3|3|4|5|20.3|20.8|20.90|21.10|21.40|21.50|26.00|40.70|62.30|62.30|62.30|70.40|70.40|70.40
0.20|1|1|1|1|1|1|1|1|1|2|3|3|4|0.2|20.5|21.00|21.10|21.30|21.60|21.70|26.20|40.90|62.50|62.50|62.50|70.60|70.60
2.60|1|1|1|1|1|1|1|1|1|1|2|3|3|2.8|2.8|23.10|23.60|23.70|23.90|24.20|24.30|28.80|43.50|65.10|65.10|65.10|73.20
0.00|1|2|2|2|2|2|2|2|2|2|2|3|4|2.6|2.8|2.80|23.10|23.60|23.70|23.90|24.20|24.30|28.80|43.50|65.10|65.10|65.10
0.70|1|1|2|2|2|2|2|2|2|2|2|2|3|0.7|3.3|3.50|3.50|23.80|24.30|24.40|24.60|24.90|25.00|29.50|44.20|65.80|65.80
29.00|1|1|1|2|2|2|2|2|2|2|2|2|2|29.7|29.7|32.30|32.50|32.50|52.80|53.30|53.40|53.60|53.90|54.00|58.50|73.20|94.80
3.70|0|1|1|1|2|2|2|2|2|2|2|2|2|32.7|33.4|33.40|36.00|36.20|36.20|56.50|57.00|57.10|57.30|57.60|57.70|62.20|76.90
4.40|0|0|1|1|1|2|2|2|2|2|2|2|2|8.1|37.1|37.80|37.80|40.40|40.60|40.60|60.90|61.40|61.50|61.70|62.00|62.10|66.60
0.00|1|1|1|2|2|2|3|3|3|3|3|3|3|4.4|8.1|37.10|37.80|37.80|40.40|40.60|40.60|60.90|61.40|61.50|61.70|62.00|62.10
0.00|2|2|2|2|3|3|3|4|4|4|4|4|4|0|4.4|8.10|37.10|37.80|37.80|40.40|40.60|40.60|60.90|61.40|61.50|61.70|62.00
0.20|2|2|2|2|2|3|3|3|4|4|4|4|4|0.2|0.2|4.60|8.30|37.30|38.00|38.00|40.60|40.80|40.80|61.10|61.60|61.70|61.90
0.60|1|2|2|2|2|2|3|3|3|4|4|4|4|0.8|0.8|0.80|5.20|8.90|37.90|38.60|38.60|41.20|41.40|41.40|61.70|62.20|62.30
0.00|1|2|3|3|3|3|3|4|4|4|5|5|5|0.6|0.8|0.80|0.80|5.20|8.90|37.90|38.60|38.60|41.20|41.40|41.40|61.70|62.20
0.00|2|2|3|4|4|4|4|4|5|5|5|6|6|0|0.6|0.80|0.80|0.80|5.20|8.90|37.90|38.60|38.60|41.20|41.40|41.40|61.70
0.00|3|3|3|4|5|5|5|5|5|6|6|6|7|0|0|0.60|0.80|0.80|0.80|5.20|8.90|37.90|38.60|38.60|41.20|41.40|41.40
0.00|3|4|4|4|5|6|6|6|6|6|7|7|7|0|0|0.00|0.60|0.80|0.80|0.80|5.20|8.90|37.90|38.60|38.60|41.20|41.40
0.00|3|4|5|5|5|6|7|7|7|7|7|8|8|0|0|0.00|0.00|0.60|0.80|0.80|0.80|5.20|8.90|37.90|38.60|38.60|41.20
0.60|2|3|4|5|5|5|6|7|7|7|7|7|8|0.6|0.6|0.60|0.60|0.60|1.20|1.40|1.40|1.40|5.80|9.50|38.50|39.20|39.20
7.10|1|2|3|4|5|5|5|6|7|7|7|7|7|7.7|7.7|7.70|7.70|7.70|7.70|8.30|8.50|8.50|8.50|12.90|16.60|45.60|46.30
0.00|1|2|3|4|5|6|6|6|7|8|8|8|8|7.1|7.7|7.70|7.70|7.70|7.70|7.70|8.30|8.50|8.50|8.50|12.90|16.60|45.60
14.20|1|1|2|3|4|5|6|6|6|7|8|8|8|14.2|21.3|21.90|21.90|21.90|21.90|21.90|21.90|22.50|22.70|22.70|22.70|27.10|30.80
2.30|1|1|1|2|3|4|5|6|6|6|7|8|8|16.5|16.5|23.60|24.20|24.20|24.20|24.20|24.20|24.20|24.80|25.00|25.00|25.00|29.40
0.00|1|2|2|2|3|4|5|6|7|7|7|8|9|2.3|16.5|16.50|23.60|24.20|24.20|24.20|24.20|24.20|24.20|24.80|25.00|25.00|25.00
0.00|2|2|3|3|3|4|5|6|7|8|8|8|9|0|2.3|16.50|16.50|23.60|24.20|24.20|24.20|24.20|24.20|24.20|24.80|25.00|25.00
0.00|3|3|3|4|4|4|5|6|7|8|9|9|9|0|0|2.30|16.50|16.50|23.60|24.20|24.20|24.20|24.20|24.20|24.20|24.80|25.00
0.00|3|4|4|4|5|5|5|6|7|8|9|10|10|0|0|0.00|2.30|16.50|16.50|23.60|24.20|24.20|24.20|24.20|24.20|24.20|24.80
0.00|3|4|5|5|5|6|6|6|7|8|9|10|11|0|0|0.00|0.00|2.30|16.50|16.50|23.60|24.20|24.20|24.20|24.20|24.20|24.20
0.00|3|4|5|6|6|6|7|7|7|8|9|10|11|0|0|0.00|0.00|0.00|2.30|16.50|16.50|23.60|24.20|24.20|24.20|24.20|24.20
7.10|2|3|4|5|6|6|6|7|7|7|8|9|10|7.1|7.1|7.10|7.10|7.10|7.10|9.40|23.60|23.60|30.70|31.30|31.30|31.30|31.30
21.20|1|2|3|4|5|6|6|6|7|7|7|8|9|28.3|28.3|28.30|28.30|28.30|28.30|28.30|30.60|44.80|44.80|51.90|52.50|52.50|52.50
19.90|0|1|2|3|4|5|6|6|6|7|7|7|8|41.1|48.2|48.20|48.20|48.20|48.20|48.20|48.20|50.50|64.70|64.70|71.80|72.40|72.40
1.10|0|0|1|2|3|4|5|6|6|6|7|7|7|21|42.2|49.30|49.30|49.30|49.30|49.30|49.30|49.30|51.60|65.80|65.80|72.90|73.50
27.50|0|0|0|1|2|3|4|5|6|6|6|7|7|28.6|48.5|69.70|76.80|76.80|76.80|76.80|76.80|76.80|76.80|79.10|93.30|93.30|100.40
0.00|1|1|1|1|2|3|4|5|6|7|7|7|8|27.5|28.6|48.50|69.70|76.80|76.80|76.80|76.80|76.80|76.80|76.80|79.10|93.30|93.30
1.00|1|1|1|1|1|2|3|4|5|6|7|7|7|1|28.5|29.60|49.50|70.70|77.80|77.80|77.80|77.80|77.80|77.80|77.80|80.10|94.30
0.10|1|1|1|1|1|1|2|3|4|5|6|7|7|1.1|1.1|28.60|29.70|49.60|70.80|77.90|77.90|77.90|77.90|77.90|77.90|77.90|80.20
0.00|1|2|2|2|2|2|2|3|4|5|6|7|8|0.1|1.1|1.10|28.60|29.70|49.60|70.80|77.90|77.90|77.90|77.90|77.90|77.90|77.90
0.10|1|1|2|2|2|2|2|2|3|4|5|6|7|0.1|0.2|1.20|1.20|28.70|29.80|49.70|70.90|78.00|78.00|78.00|78.00|78.00|78.00
11.00|1|1|1|2|2|2|2|2|2|3|4|5|6|11.1|11.1|11.20|12.20|12.20|39.70|40.80|60.70|81.90|89.00|89.00|89.00|89.00|89.00
4.20|0|1|1|1|2|2|2|2|2|2|3|4|5|15.2|15.3|15.30|15.40|16.40|16.40|43.90|45.00|64.90|86.10|93.20|93.20|93.20|93.20
19.00|0|0|1|1|1|2|2|2|2|2|2|3|4|23.2|34.2|34.30|34.30|34.40|35.40|35.40|62.90|64.00|83.90|105.10|112.20|112.20|112.20
4.40|0|0|0|1|1|1|2|2|2|2|2|2|3|23.4|27.6|38.60|38.70|38.70|38.80|39.80|39.80|67.30|68.40|88.30|109.50|116.60|116.60
15.30|0|0|0|0|1|1|1|2|2|2|2|2|2|19.7|38.7|42.90|53.90|54.00|54.00|54.10|55.10|55.10|82.60|83.70|103.60|124.80|131.90
5.00|0|0|0|0|0|1|1|1|2|2|2|2|2|20.3|24.7|43.70|47.90|58.90|59.00|59.00|59.10|60.10|60.10|87.60|88.70|108.60|129.80
17.20|0|0|0|0|0|0|1|1|1|2|2|2|2|22.2|37.5|41.90|60.90|65.10|76.10|76.20|76.20|76.30|77.30|77.30|104.80|105.90|125.80
2.90|0|0|0|0|0|0|0|1|1|1|2|2|2|20.1|25.1|40.40|44.80|63.80|68.00|79.00|79.10|79.10|79.20|80.20|80.20|107.70|108.80
3.10|0|0|0|0|0|0|0|0|1|1|1|2|2|6|23.2|28.20|43.50|47.90|66.90|71.10|82.10|82.20|82.20|82.30|83.30|83.30|110.80
2.20|0|0|0|0|0|0|0|0|0|1|1|1|2|5.3|8.2|25.40|30.40|45.70|50.10|69.10|73.30|84.30|84.40|84.40|84.50|85.50|85.50
6.50|0|0|0|0|0|0|0|0|0|0|1|1|1|8.7|11.8|14.70|31.90|36.90|52.20|56.60|75.60|79.80|90.80|90.90|90.90|91.00|92.00
24.10|0|0|0|0|0|0|0|0|0|0|0|1|1|30.6|32.8|35.90|38.80|56.00|61.00|76.30|80.70|99.70|103.90|114.90|115.00|115.00|115.10
13.90|0|0|0|0|0|0|0|0|0|0|0|0|1|38|44.5|46.70|49.80|52.70|69.90|74.90|90.20|94.60|113.60|117.80|128.80|128.90|128.90
15.80|0|0|0|0|0|0|0|0|0|0|0|0|0|29.7|53.8|60.30|62.50|65.60|68.50|85.70|90.70|106.00|110.40|129.40|133.60|144.60|144.70
17.20|0|0|0|0|0|0|0|0|0|0|0|0|0|33|46.9|71.00|77.50|79.70|82.80|85.70|102.90|107.90|123.20|127.60|146.60|150.80|161.80
11.70|0|0|0|0|0|0|0|0|0|0|0|0|0|28.9|44.7|58.60|82.70|89.20|91.40|94.50|97.40|114.60|119.60|134.90|139.30|158.30|162.50
9.10|0|0|0|0|0|0|0|0|0|0|0|0|0|20.8|38|53.80|67.70|91.80|98.30|100.50|103.60|106.50|123.70|128.70|144.00|148.40|167.40
0.30|0|0|0|0|0|0|0|0|0|0|0|0|0|9.4|21.1|38.30|54.10|68.00|92.10|98.60|100.80|103.90|106.80|124.00|129.00|144.30|148.70
0.00|1|1|1|1|1|1|1|1|1|1|1|1|1|0.3|9.4|21.10|38.30|54.10|68.00|92.10|98.60|100.80|103.90|106.80|124.00|129.00|144.30
0.10|1|1|1|1|1|1|1|1|1|1|1|1|1|0.1|0.4|9.50|21.20|38.40|54.20|68.10|92.20|98.70|100.90|104.00|106.90|124.10|129.10
3.70|1|1|1|1|1|1|1|1|1|1|1|1|1|3.8|3.8|4.10|13.20|24.90|42.10|57.90|71.80|95.90|102.40|104.60|107.70|110.60|127.80
7.20|0|1|1|1|1|1|1|1|1|1|1|1|1|10.9|11|11.00|11.30|20.40|32.10|49.30|65.10|79.00|103.10|109.60|111.80|114.90|117.80
8.60|0|0|1|1|1|1|1|1|1|1|1|1|1|15.8|19.5|19.60|19.60|19.90|29.00|40.70|57.90|73.70|87.60|111.70|118.20|120.40|123.50
14.50|0|0|0|1|1|1|1|1|1|1|1|1|1|23.1|30.3|34.00|34.10|34.10|34.40|43.50|55.20|72.40|88.20|102.10|126.20|132.70|134.90
9.00|0|0|0|0|1|1|1|1|1|1|1|1|1|23.5|32.1|39.30|43.00|43.10|43.10|43.40|52.50|64.20|81.40|97.20|111.10|135.20|141.70
0.00|1|1|1|1|1|2|2|2|2|2|2|2|2|9|23.5|32.10|39.30|43.00|43.10|43.10|43.40|52.50|64.20|81.40|97.20|111.10|135.20
0.00|2|2|2|2|2|2|3|3|3|3|3|3|3|0|9|23.50|32.10|39.30|43.00|43.10|43.10|43.40|52.50|64.20|81.40|97.20|111.10
0.40|2|2|2|2|2|2|2|3|3|3|3|3|3|0.4|0.4|9.40|23.90|32.50|39.70|43.40|43.50|43.50|43.80|52.90|64.60|81.80|97.60
0.10|1|2|2|2|2|2|2|2|3|3|3|3|3|0.5|0.5|0.50|9.50|24.00|32.60|39.80|43.50|43.60|43.60|43.90|53.00|64.70|81.90
0.00|1|2|3|3|3|3|3|3|3|4|4|4|4|0.1|0.5|0.50|0.50|9.50|24.00|32.60|39.80|43.50|43.60|43.60|43.90|53.00|64.70
3.50|1|1|2|3|3|3|3|3|3|3|4|4|4|3.5|3.6|4.00|4.00|4.00|13.00|27.50|36.10|43.30|47.00|47.10|47.10|47.40|56.50
20.50|1|1|1|2|3|3|3|3|3|3|3|4|4|24|24|24.10|24.50|24.50|24.50|33.50|48.00|56.60|63.80|67.50|67.60|67.60|67.90
20.60|0|1|1|1|2|3|3|3|3|3|3|3|4|41.1|44.6|44.60|44.70|45.10|45.10|45.10|54.10|68.60|77.20|84.40|88.10|88.20|88.20
0.00|1|1|2|2|2|3|4|4|4|4|4|4|4|20.6|41.1|44.60|44.60|44.70|45.10|45.10|45.10|54.10|68.60|77.20|84.40|88.10|88.20
1.70|1|1|1|2|2|2|3|4|4|4|4|4|4|1.7|22.3|42.80|46.30|46.30|46.40|46.80|46.80|46.80|55.80|70.30|78.90|86.10|89.80
7.40|1|1|1|1|2|2|2|3|4|4|4|4|4|9.1|9.1|29.70|50.20|53.70|53.70|53.80|54.20|54.20|54.20|63.20|77.70|86.30|93.50
3.50|0|1|1|1|1|2|2|2|3|4|4|4|4|10.9|12.6|12.60|33.20|53.70|57.20|57.20|57.30|57.70|57.70|57.70|66.70|81.20|89.80
0.90|0|0|1|1|1|1|2|2|2|3|4|4|4|4.4|11.8|13.50|13.50|34.10|54.60|58.10|58.10|58.20|58.60|58.60|58.60|67.60|82.10
10.70|0|0|0|1|1|1|1|2|2|2|3|4|4|11.6|15.1|22.50|24.20|24.20|44.80|65.30|68.80|68.80|68.90|69.30|69.30|69.30|78.30
4.30|0|0|0|0|1|1|1|1|2|2|2|3|4|15|15.9|19.40|26.80|28.50|28.50|49.10|69.60|73.10|73.10|73.20|73.60|73.60|73.60
0.80|0|0|0|0|0|1|1|1|1|2|2|2|3|5.1|15.8|16.70|20.20|27.60|29.30|29.30|49.90|70.40|73.90|73.90|74.00|74.40|74.40
12.40|0|0|0|0|0|0|1|1|1|1|2|2|2|13.2|17.5|28.20|29.10|32.60|40.00|41.70|41.70|62.30|82.80|86.30|86.30|86.40|86.80
1.10|0|0|0|0|0|0|0|1|1|1|1|2|2|13.5|14.3|18.60|29.30|30.20|33.70|41.10|42.80|42.80|63.40|83.90|87.40|87.40|87.50
0.00|1|1|1|1|1|1|1|1|2|2|2|2|3|1.1|13.5|14.30|18.60|29.30|30.20|33.70|41.10|42.80|42.80|63.40|83.90|87.40|87.40
0.30|1|1|1|1|1|1|1|1|1|2|2|2|2|0.3|1.4|13.80|14.60|18.90|29.60|30.50|34.00|41.40|43.10|43.10|63.70|84.20|87.70
6.90|1|1|1|1|1|1|1|1|1|1|2|2|2|7.2|7.2|8.30|20.70|21.50|25.80|36.50|37.40|40.90|48.30|50.00|50.00|70.60|91.10
16.90|0|1|1|1|1|1|1|1|1|1|1|2|2|23.8|24.1|24.10|25.20|37.60|38.40|42.70|53.40|54.30|57.80|65.20|66.90|66.90|87.50
10.80|0|0|1|1|1|1|1|1|1|1|1|1|2|27.7|34.6|34.90|34.90|36.00|48.40|49.20|53.50|64.20|65.10|68.60|76.00|77.70|77.70
10.70|0|0|0|1|1|1|1|1|1|1|1|1|1|21.5|38.4|45.30|45.60|45.60|46.70|59.10|59.90|64.20|74.90|75.80|79.30|86.70|88.40
2.60|0|0|0|0|1|1|1|1|1|1|1|1|1|13.3|24.1|41.00|47.90|48.20|48.20|49.30|61.70|62.50|66.80|77.50|78.40|81.90|89.30
0.10|0|0|0|0|0|1|1|1|1|1|1|1|1|2.7|13.4|24.20|41.10|48.00|48.30|48.30|49.40|61.80|62.60|66.90|77.60|78.50|82.00
5.10|0|0|0|0|0|0|1|1|1|1|1|1|1|5.2|7.8|18.50|29.30|46.20|53.10|53.40|53.40|54.50|66.90|67.70|72.00|82.70|83.60
18.50|0|0|0|0|0|0|0|1|1|1|1|1|1|23.6|23.7|26.30|37.00|47.80|64.70|71.60|71.90|71.90|73.00|85.40|86.20|90.50|101.20
10.70|0|0|0|0|0|0|0|0|1|1|1|1|1|29.2|34.3|34.40|37.00|47.70|58.50|75.40|82.30|82.60|82.60|83.70|96.10|96.90|101.20
0.20|0|0|0|0|0|0|0|0|0|1|1|1|1|10.9|29.4|34.50|34.60|37.20|47.90|58.70|75.60|82.50|82.80|82.80|83.90|96.30|97.10
1.70|0|0|0|0|0|0|0|0|0|0|1|1|1|1.9|12.6|31.10|36.20|36.30|38.90|49.60|60.40|77.30|84.20|84.50|84.50|85.60|98.00
0.20|0|0|0|0|0|0|0|0|0|0|0|1|1|1.9|2.1|12.80|31.30|36.40|36.50|39.10|49.80|60.60|77.50|84.40|84.70|84.70|85.80
13.30|0|0|0|0|0|0|0|0|0|0|0|0|1|13.5|15.2|15.40|26.10|44.60|49.70|49.80|52.40|63.10|73.90|90.80|97.70|98.00|98.00
0.00|1|1|1|1|1|1|1|1|1|1|1|1|1|13.3|13.5|15.20|15.40|26.10|44.60|49.70|49.80|52.40|63.10|73.90|90.80|97.70|98.00
1.20|1|1|1|1|1|1|1|1|1|1|1|1|1|1.2|14.5|14.70|16.40|16.60|27.30|45.80|50.90|51.00|53.60|64.30|75.10|92.00|98.90
0.80|1|1|1|1|1|1|1|1|1|1|1|1|1|2|2|15.30|15.50|17.20|17.40|28.10|46.60|51.70|51.80|54.40|65.10|75.90|92.80
17.90|0|1|1|1|1|1|1|1|1|1|1|1|1|18.7|19.9|19.90|33.20|33.40|35.10|35.30|46.00|64.50|69.60|69.70|72.30|83.00|93.80
10.00|0|0|1|1|1|1|1|1|1|1|1|1|1|27.9|28.7|29.90|29.90|43.20|43.40|45.10|45.30|56.00|74.50|79.60|79.70|82.30|93.00
22.20|0|0|0|1|1|1|1|1|1|1|1|1|1|32.2|50.1|50.90|52.10|52.10|65.40|65.60|67.30|67.50|78.20|96.70|101.80|101.90|104.50
38.60|0|0|0|0|1|1|1|1|1|1|1|1|1|60.8|70.8|88.70|89.50|90.70|90.70|104.00|104.20|105.90|106.10|116.80|135.30|140.40|140.50
37.50|0|0|0|0|0|1|1|1|1|1|1|1|1|76.1|98.3|108.30|126.20|127.00|128.20|128.20|141.50|141.70|143.40|143.60|154.30|172.80|177.90
9.10|0|0|0|0|0|0|1|1|1|1|1|1|1|46.6|85.2|107.40|117.40|135.30|136.10|137.30|137.30|150.60|150.80|152.50|152.70|163.40|181.90
0.40|0|0|0|0|0|0|0|1|1|1|1|1|1|9.5|47|85.60|107.80|117.80|135.70|136.50|137.70|137.70|151.00|151.20|152.90|153.10|163.80
0.60|0|0|0|0|0|0|0|0|1|1|1|1|1|1|10.1|47.60|86.20|108.40|118.40|136.30|137.10|138.30|138.30|151.60|151.80|153.50|153.70
1.00|0|0|0|0|0|0|0|0|0|1|1|1|1|1.6|2|11.10|48.60|87.20|109.40|119.40|137.30|138.10|139.30|139.30|152.60|152.80|154.50
0.10|0|0|0|0|0|0|0|0|0|0|1|1|1|1.1|1.7|2.10|11.20|48.70|87.30|109.50|119.50|137.40|138.20|139.40|139.40|152.70|152.90
3.00|0|0|0|0|0|0|0|0|0|0|0|1|1|3.1|4.1|4.70|5.10|14.20|51.70|90.30|112.50|122.50|140.40|141.20|142.40|142.40|155.70
1.50|0|0|0|0|0|0|0|0|0|0|0|0|1|4.5|4.6|5.60|6.20|6.60|15.70|53.20|91.80|114.00|124.00|141.90|142.70|143.90|143.90
11.40|0|0|0|0|0|0|0|0|0|0|0|0|0|12.9|15.9|16.00|17.00|17.60|18.00|27.10|64.60|103.20|125.40|135.40|153.30|154.10|155.30
0.50|0|0|0|0|0|0|0|0|0|0|0|0|0|11.9|13.4|16.40|16.50|17.50|18.10|18.50|27.60|65.10|103.70|125.90|135.90|153.80|154.60
0.10|0|0|0|0|0|0|0|0|0|0|0|0|0|0.6|12|13.50|16.50|16.60|17.60|18.20|18.60|27.70|65.20|103.80|126.00|136.00|153.90
0.20|0|0|0|0|0|0|0|0|0|0|0|0|0|0.3|0.8|12.20|13.70|16.70|16.80|17.80|18.40|18.80|27.90|65.40|104.00|126.20|136.20
0.10|0|0|0|0|0|0|0|0|0|0|0|0|0|0.3|0.4|0.90|12.30|13.80|16.80|16.90|17.90|18.50|18.90|28.00|65.50|104.10|126.30
12.70|0|0|0|0|0|0|0|0|0|0|0|0|0|12.8|13|13.10|13.60|25.00|26.50|29.50|29.60|30.60|31.20|31.60|40.70|78.20|116.80
4.40|0|0|0|0|0|0|0|0|0|0|0|0|0|17.1|17.2|17.40|17.50|18.00|29.40|30.90|33.90|34.00|35.00|35.60|36.00|45.10|82.60
0.00|1|1|1|1|1|1|1|1|1|1|1|1|1|4.4|17.1|17.20|17.40|17.50|18.00|29.40|30.90|33.90|34.00|35.00|35.60|36.00|45.10
0.20|1|1|1|1|1|1|1|1|1|1|1|1|1|0.2|4.6|17.30|17.40|17.60|17.70|18.20|29.60|31.10|34.10|34.20|35.20|35.80|36.20
0.00|2|2|2|2|2|2|2|2|2|2|2|2|2|0.2|0.2|4.60|17.30|17.40|17.60|17.70|18.20|29.60|31.10|34.10|34.20|35.20|35.80
0.10|1|2|2|2|2|2|2|2|2|2|2|2|2|0.1|0.3|0.30|4.70|17.40|17.50|17.70|17.80|18.30|29.70|31.20|34.20|34.30|35.30
0.00|2|2|3|3|3|3|3|3|3|3|3|3|3|0.1|0.1|0.30|0.30|4.70|17.40|17.50|17.70|17.80|18.30|29.70|31.20|34.20|34.30
0.00|2|3|3|4|4|4|4|4|4|4|4|4|4|0|0.1|0.10|0.30|0.30|4.70|17.40|17.50|17.70|17.80|18.30|29.70|31.20|34.20
0.00|3|3|4|4|5|5|5|5|5|5|5|5|5|0|0|0.10|0.10|0.30|0.30|4.70|17.40|17.50|17.70|17.80|18.30|29.70|31.20
1.50|2|3|3|4|4|5|5|5|5|5|5|5|5|1.5|1.5|1.50|1.60|1.60|1.80|1.80|6.20|18.90|19.00|19.20|19.30|19.80|31.20
4.40|1|2|3|3|4|4|5|5|5|5|5|5|5|5.9|5.9|5.90|5.90|6.00|6.00|6.20|6.20|10.60|23.30|23.40|23.60|23.70|24.20
0.20|0|1|2|3|3|4|4|5|5|5|5|5|5|4.6|6.1|6.10|6.10|6.10|6.20|6.20|6.40|6.40|10.80|23.50|23.60|23.80|23.90
13.10|0|0|1|2|3|3|4|4|5|5|5|5|5|13.3|17.7|19.20|19.20|19.20|19.20|19.30|19.30|19.50|19.50|23.90|36.60|36.70|36.90
0.10|0|0|0|1|2|3|3|4|4|5|5|5|5|13.2|13.4|17.80|19.30|19.30|19.30|19.30|19.40|19.40|19.60|19.60|24.00|36.70|36.80
13.10|0|0|0|0|1|2|3|3|4|4|5|5|5|13.2|26.3|26.50|30.90|32.40|32.40|32.40|32.40|32.50|32.50|32.70|32.70|37.10|49.80
2.40|0|0|0|0|0|1|2|3|3|4|4|5|5|15.5|15.6|28.70|28.90|33.30|34.80|34.80|34.80|34.80|34.90|34.90|35.10|35.10|39.50
0.80|0|0|0|0|0|0|1|2|3|3|4|4|5|3.2|16.3|16.40|29.50|29.70|34.10|35.60|35.60|35.60|35.60|35.70|35.70|35.90|35.90
1.60|0|0|0|0|0|0|0|1|2|3|3|4|4|2.4|4.8|17.90|18.00|31.10|31.30|35.70|37.20|37.20|37.20|37.20|37.30|37.30|37.50
14.70|0|0|0|0|0|0|0|0|1|2|3|3|4|16.3|17.1|19.50|32.60|32.70|45.80|46.00|50.40|51.90|51.90|51.90|51.90|52.00|52.00
1.00|0|0|0|0|0|0|0|0|0|1|2|3|3|15.7|17.3|18.10|20.50|33.60|33.70|46.80|47.00|51.40|52.90|52.90|52.90|52.90|53.00
0.10|0|0|0|0|0|0|0|0|0|0|1|2|3|1.1|15.8|17.40|18.20|20.60|33.70|33.80|46.90|47.10|51.50|53.00|53.00|53.00|53.00
0.00|1|1|1|1|1|1|1|1|1|1|1|2|3|0.1|1.1|15.80|17.40|18.20|20.60|33.70|33.80|46.90|47.10|51.50|53.00|53.00|53.00
0.00|2|2|2|2|2|2|2|2|2|2|2|2|3|0|0.1|1.10|15.80|17.40|18.20|20.60|33.70|33.80|46.90|47.10|51.50|53.00|53.00
0.00|3|3|3|3|3|3|3|3|3|3|3|3|3|0|0|0.10|1.10|15.80|17.40|18.20|20.60|33.70|33.80|46.90|47.10|51.50|53.00
0.00|3|4|4|4|4|4|4|4|4|4|4|4|4|0|0|0.00|0.10|1.10|15.80|17.40|18.20|20.60|33.70|33.80|46.90|47.10|51.50
0.00|3|4|5|5|5|5|5|5|5|5|5|5|5|0|0|0.00|0.00|0.10|1.10|15.80|17.40|18.20|20.60|33.70|33.80|46.90|47.10
0.10|2|3|4|5|5|5|5|5|5|5|5|5|5|0.1|0.1|0.10|0.10|0.10|0.20|1.20|15.90|17.50|18.30|20.70|33.80|33.90|47.00
12.20|1|2|3|4|5|5|5|5|5|5|5|5|5|12.3|12.3|12.30|12.30|12.30|12.30|12.40|13.40|28.10|29.70|30.50|32.90|46.00|46.10
0.10|0|1|2|3|4|5|5|5|5|5|5|5|5|12.3|12.4|12.40|12.40|12.40|12.40|12.40|12.50|13.50|28.20|29.80|30.60|33.00|46.10
0.30|0|0|1|2|3|4|5|5|5|5|5|5|5|0.4|12.6|12.70|12.70|12.70|12.70|12.70|12.70|12.80|13.80|28.50|30.10|30.90|33.30
11.20|0|0|0|1|2|3|4|5|5|5|5|5|5|11.5|11.6|23.80|23.90|23.90|23.90|23.90|23.90|23.90|24.00|25.00|39.70|41.30|42.10
1.30|0|0|0|0|1|2|3|4|5|5|5|5|5|12.5|12.8|12.90|25.10|25.20|25.20|25.20|25.20|25.20|25.20|25.30|26.30|41.00|42.60
33.80|0|0|0|0|0|1|2|3|4|5|5|5|5|35.1|46.3|46.60|46.70|58.90|59.00|59.00|59.00|59.00|59.00|59.00|59.10|60.10|74.80
20.20|0|0|0|0|0|0|1|2|3|4|5|5|5|54|55.3|66.50|66.80|66.90|79.10|79.20|79.20|79.20|79.20|79.20|79.20|79.30|80.30
3.50|0|0|0|0|0|0|0|1|2|3|4|5|5|23.7|57.5|58.80|70.00|70.30|70.40|82.60|82.70|82.70|82.70|82.70|82.70|82.70|82.80
0.40|0|0|0|0|0|0|0|0|1|2|3|4|5|3.9|24.1|57.90|59.20|70.40|70.70|70.80|83.00|83.10|83.10|83.10|83.10|83.10|83.10
75.10|0|0|0|0|0|0|0|0|0|1|2|3|4|75.5|79|99.20|133.00|134.30|145.50|145.80|145.90|158.10|158.20|158.20|158.20|158.20|158.20
0.20|0|0|0|0|0|0|0|0|0|0|1|2|3|75.3|75.7|79.20|99.40|133.20|134.50|145.70|146.00|146.10|158.30|158.40|158.40|158.40|158.40
0.10|0|0|0|0|0|0|0|0|0|0|0|1|2|0.3|75.4|75.80|79.30|99.50|133.30|134.60|145.80|146.10|146.20|158.40|158.50|158.50|158.50
0.00|1|1|1|1|1|1|1|1|1|1|1|1|2|0.1|0.3|75.40|75.80|79.30|99.50|133.30|134.60|145.80|146.10|146.20|158.40|158.50|158.50
12.90|1|1|1|1|1|1|1|1|1|1|1|1|1|12.9|13|13.20|88.30|88.70|92.20|112.40|146.20|147.50|158.70|159.00|159.10|171.30|171.40
9.00|1|1|1|1|1|1|1|1|1|1|1|1|1|21.9|21.9|22.00|22.20|97.30|97.70|101.20|121.40|155.20|156.50|167.70|168.00|168.10|180.30
17.10|0|1|1|1|1|1|1|1|1|1|1|1|1|26.1|39|39.00|39.10|39.30|114.40|114.80|118.30|138.50|172.30|173.60|184.80|185.10|185.20
8.00|0|0|1|1|1|1|1|1|1|1|1|1|1|25.1|34.1|47.00|47.00|47.10|47.30|122.40|122.80|126.30|146.50|180.30|181.60|192.80|193.10
1.50|0|0|0|1|1|1|1|1|1|1|1|1|1|9.5|26.6|35.60|48.50|48.50|48.60|48.80|123.90|124.30|127.80|148.00|181.80|183.10|194.30
0.90|0|0|0|0|1|1|1|1|1|1|1|1|1|2.4|10.4|27.50|36.50|49.40|49.40|49.50|49.70|124.80|125.20|128.70|148.90|182.70|184.00
0.10|0|0|0|0|0|1|1|1|1|1|1|1|1|1|2.5|10.50|27.60|36.60|49.50|49.50|49.60|49.80|124.90|125.30|128.80|149.00|182.80
18.50|0|0|0|0|0|0|1|1|1|1|1|1|1|18.6|19.5|21.00|29.00|46.10|55.10|68.00|68.00|68.10|68.30|143.40|143.80|147.30|167.50
2.50|0|0|0|0|0|0|0|1|1|1|1|1|1|21|21.1|22.00|23.50|31.50|48.60|57.60|70.50|70.50|70.60|70.80|145.90|146.30|149.80
18.80|0|0|0|0|0|0|0|0|1|1|1|1|1|21.3|39.8|39.90|40.80|42.30|50.30|67.40|76.40|89.30|89.30|89.40|89.60|164.70|165.10
13.60|0|0|0|0|0|0|0|0|0|1|1|1|1|32.4|34.9|53.40|53.50|54.40|55.90|63.90|81.00|90.00|102.90|102.90|103.00|103.20|178.30
0.00|1|1|1|1|1|1|1|1|1|1|2|2|2|13.6|32.4|34.90|53.40|53.50|54.40|55.90|63.90|81.00|90.00|102.90|102.90|103.00|103.20
0.00|2|2|2|2|2|2|2|2|2|2|2|3|3|0|13.6|32.40|34.90|53.40|53.50|54.40|55.90|63.90|81.00|90.00|102.90|102.90|103.00
0.60|2|2|2|2|2|2|2|2|2|2|2|2|3|0.6|0.6|14.20|33.00|35.50|54.00|54.10|55.00|56.50|64.50|81.60|90.60|103.50|103.50
16.10|1|2|2|2|2|2|2|2|2|2|2|2|2|16.7|16.7|16.70|30.30|49.10|51.60|70.10|70.20|71.10|72.60|80.60|97.70|106.70|119.60
1.20|0|1|2|2|2|2|2|2|2|2|2|2|2|17.3|17.9|17.90|17.90|31.50|50.30|52.80|71.30|71.40|72.30|73.80|81.80|98.90|107.90
2.00|0|0|1|2|2|2|2|2|2|2|2|2|2|3.2|19.3|19.90|19.90|19.90|33.50|52.30|54.80|73.30|73.40|74.30|75.80|83.80|100.90
0.40|0|0|0|1|2|2|2|2|2|2|2|2|2|2.4|3.6|19.70|20.30|20.30|20.30|33.90|52.70|55.20|73.70|73.80|74.70|76.20|84.20
23.30|0|0|0|0|1|2|2|2|2|2|2|2|2|23.7|25.7|26.90|43.00|43.60|43.60|43.60|57.20|76.00|78.50|97.00|97.10|98.00|99.50
18.20|0|0|0|0|0|1|2|2|2|2|2|2|2|41.5|41.9|43.90|45.10|61.20|61.80|61.80|61.80|75.40|94.20|96.70|115.20|115.30|116.20
10.20|0|0|0|0|0|0|1|2|2|2|2|2|2|28.4|51.7|52.10|54.10|55.30|71.40|72.00|72.00|72.00|85.60|104.40|106.90|125.40|125.50
0.40|0|0|0|0|0|0|0|1|2|2|2|2|2|10.6|28.8|52.10|52.50|54.50|55.70|71.80|72.40|72.40|72.40|86.00|104.80|107.30|125.80
6.40|0|0|0|0|0|0|0|0|1|2|2|2|2|6.8|17|35.20|58.50|58.90|60.90|62.10|78.20|78.80|78.80|78.80|92.40|111.20|113.70
11.90|0|0|0|0|0|0|0|0|0|1|2|2|2|18.3|18.7|28.90|47.10|70.40|70.80|72.80|74.00|90.10|90.70|90.70|90.70|104.30|123.10
14.70|0|0|0|0|0|0|0|0|0|0|1|2|2|26.6|33|33.40|43.60|61.80|85.10|85.50|87.50|88.70|104.80|105.40|105.40|105.40|119.00
